101020500,2015-6-17,1846
101020600,2015-6-17,1709
101020700,2015-6-17,1746
101020800,2015-6-17,1736
101020900,2015-6-17,1781
101021000,2015-6-17,1666
101021100,2015-6-17,1584
101040100,2015-6-17,2600
101040200,2015-6-17,2430
101040300,2015-6-17,2261
101040400,2015-6-17,2057
101040500,2015-6-17,2591
101040600,2015-6-17,2105
101040700,2015-6-17,2304
101040800,2015-6-17,2415
101040900,2015-6-17,2169
101041000,2015-6-17,2477
101041100,2015-6-17,1625
101041300,2015-6-17,2448
101041400,2015-6-17,2265
101041500,2015-6-17,2410
101041600,2015-6-17,1575
101041700,2015-6-17,2384
101041800,2015-6-17,2047
101041900,2015-6-17,2567
101042000,2015-6-17,1886
101042100,2015-6-17,2351
101042200,2015-6-17,2213
101042300,2015-6-17,2039
101042400,2015-6-17,2346
101042500,2015-6-17,1940
101042600,2015-6-17,2234
101042700,2015-6-17,2378
101042800,2015-6-17,2394
101042900,2015-6-17,2463
101043000,2015-6-17,2500
101043100,2015-6-17,2336
101043200,2015-6-17,2268
101043300,2015-6-17,2340
101043400,2015-6-17,1624
101043600,2015-6-17,2098
101060101,2015-6-17,1050
101060102,2015-6-17,1009
101060103,2015-6-17,993
101060104,2015-6-17,1015
101060105,2015-6-17,938
101060106,2015-6-17,1070
101060201,2015-6-17,1049
101060202,2015-6-17,914
101060203,2015-6-17,1008
101060204,2015-6-17,857
101060205,2015-6-17,922
101060206,2015-6-17,894
101060301,2015-6-17,945
101060302,2015-6-17,775
101060303,2015-6-17,782
101060304,2015-6-17,790
101060305,2015-6-17,956
101060307,2015-6-17,981
101060308,2015-6-17,828
101060309,2015-6-17,863
101060401,2015-6-17,1107
101060402,2015-6-17,1104
101060403,2015-6-17,1112
101060404,2015-6-17,1086
101060405,2015-6-17,1035
101060501,2015-6-17,920
101060502,2015-6-17,1010
101060503,2015-6-17,971
101060504,2015-6-17,903
101060505,2015-6-17,977
101060506,2015-6-17,760
101060601,2015-6-17,976
101060602,2015-6-17,998
101060603,2015-6-17,944
101060604,2015-6-17,953
101060605,2015-6-17,1034
101060701,2015-6-17,1010
101060702,2015-6-17,914
101060703,2015-6-17,1010
101060801,2015-6-17,1010
101060802,2015-6-17,1002
101060803,2015-6-17,1021
101060804,2015-6-17,1077
101060805,2015-6-17,942
101060901,2015-6-17,748
101060902,2015-6-17,732
101060903,2015-6-17,847
101060904,2015-6-17,704
101060905,2015-6-17,630
101060906,2015-6-17,748
101060907,2015-6-17,748
101070101,2015-6-17,1179
101070103,2015-6-17,1221
101070104,2015-6-17,1147
101070105,2015-6-17,1124
101070106,2015-6-17,1156
101070201,2015-6-17,1186
101070202,2015-6-17,1155
101070203,2015-6-17,1145
101070204,2015-6-17,1161
101070205,2015-6-17,1055
101070206,2015-6-17,949
101070207,2015-6-17,1045
101070301,2015-6-17,1342
101070302,2015-6-17,1199
101070303,2015-6-17,980
101070304,2015-6-17,1277
101070401,2015-6-17,831
101070402,2015-6-17,831
101070403,2015-6-17,901
101070404,2015-6-17,1018
101070501,2015-6-17,1139
101070502,2015-6-17,1008
101070504,2015-6-17,952
101070601,2015-6-17,983
101070602,2015-6-17,1033
101070603,2015-6-17,926
101070604,2015-6-17,1036
101070701,2015-6-17,1216
101070702,2015-6-17,1129
101070704,2015-6-17,1142
101070705,2015-6-17,1135
101070706,2015-6-17,1150
101070801,2015-6-17,1131
101070802,2015-6-17,1159
101070803,2015-6-17,1276
101070901,2015-6-17,1185
101070902,2015-6-17,1133
101071001,2015-6-17,1287
101071002,2015-6-17,1328
101071003,2015-6-17,1196
101071004,2015-6-17,1287
101071101,2015-6-17,1202
101071102,2015-6-17,1155
101071103,2015-6-17,1129
101071104,2015-6-17,927
101071105,2015-6-17,1202
101010300,2015-6-17,1658
101071203,2015-6-17,1193
101071204,2015-6-17,1282
101071205,2015-6-17,1258
101071207,2015-6-17,1157
101071301,2015-6-17,1143
101071302,2015-6-17,1125
101071303,2015-6-17,1143
101071401,2015-6-17,1111
101071402,2015-6-17,1224
101071403,2015-6-17,1163
101071404,2015-6-17,1113
101080904,2015-6-17,690
101080603,2015-6-17,1067
101080614,2015-6-17,1072
101081003,2015-6-17,795
101080202,2015-6-17,629
101080201,2015-6-17,1117
101080410,2015-6-17,732
101080408,2015-6-17,861
101080409,2015-6-17,490
101081007,2015-6-17,635
101080601,2015-6-17,1089
101080703,2015-6-17,1170
101080206,2015-6-17,810
101080803,2015-6-17,1267
101080713,2015-6-17,907
101080909,2015-6-17,738
101080915,2015-6-17,670
101080701,2015-6-17,907
101081014,2015-6-17,617
101081203,2015-6-17,1420
101081005,2015-6-17,578
101080705,2015-6-17,1116
101080903,2015-6-17,894
101080708,2015-6-17,996
101081006,2015-6-17,620
101080205,2015-6-17,891
101081001,2015-6-17,611
101080808,2015-6-17,912
101080810,2015-6-17,1119
101080709,2015-6-17,922
101080604,2015-6-17,817
101080104,2015-6-17,1047
101080706,2015-6-17,1090
101080403,2015-6-17,653
101081104,2015-6-17,862
101080101,2015-6-17,967
101081108,2015-6-17,675
101080106,2015-6-17,1054
101081205,2015-6-17,1280
101080401,2015-6-17,732
101080506,2015-6-17,1153
101080407,2015-6-17,884
101080801,2015-6-17,1140
101080607,2015-6-17,846
101081010,2015-6-17,599
101080613,2015-6-17,1118
101081209,2015-6-17,1117
101080105,2015-6-17,978
101080404,2015-6-17,692
101080411,2015-6-17,675
101081106,2015-6-17,755
101080907,2015-6-17,890
101080906,2015-6-17,803
101080911,2015-6-17,568
101080501,2015-6-17,1144
101081207,2015-6-17,1219
101081016,2015-6-17,382
101080204,2015-6-17,1205
101080102,2015-6-17,1128
101080609,2015-6-17,1086
101080107,2015-6-17,622
101080301,2015-6-17,1337
101080802,2015-6-17,1077
101080806,2015-6-17,948
101081206,2015-6-17,1204
101080901,2015-6-17,754
101080406,2015-6-17,830
101081009,2015-6-17,706
101081008,2015-6-17,624
101080910,2015-6-17,694
101081011,2015-6-17,540
101081105,2015-6-17,939
101080914,2015-6-17,653
101080913,2015-6-17,640
101080402,2015-6-17,682
101090101,2015-6-17,1791
101090102,2015-6-17,1711
101090103,2015-6-17,1825
101090104,2015-6-17,1746
101090105,2015-6-17,1590
101090106,2015-6-17,1750
101090107,2015-6-17,1597
101090108,2015-6-17,1654
101090109,2015-6-17,1799
101090110,2015-6-17,1751
101090111,2015-6-17,1746
101090112,2015-6-17,1579
101090113,2015-6-17,1598
101090114,2015-6-17,1746
101090115,2015-6-17,1744
101090116,2015-6-17,1777
101090117,2015-6-17,1762
101090118,2015-6-17,1791
101090201,2015-6-17,1591
101090202,2015-6-17,1688
101090203,2015-6-17,1645
101090204,2015-6-17,1575
101090205,2015-6-17,1713
101090206,2015-6-17,1625
101090207,2015-6-17,1622
101090209,2015-6-17,1073
101090210,2015-6-17,1648
101090211,2015-6-17,1637
101090212,2015-6-17,1571
101090214,2015-6-17,1589
101090215,2015-6-17,1664
101090216,2015-6-17,1718
101090217,2015-6-17,1609
101090218,2015-6-17,1636
101090219,2015-6-17,1630
101090220,2015-6-17,1730
101090221,2015-6-17,1638
101090222,2015-6-17,1636
101090223,2015-6-17,1638
101090224,2015-6-17,1591
101090225,2015-6-17,1730
101090301,2015-6-17,1184
101090302,2015-6-17,1201
101090303,2015-6-17,688
101090304,2015-6-17,581
101090305,2015-6-17,594
101090306,2015-6-17,634
101090307,2015-6-17,1110
101090308,2015-6-17,1148
101090309,2015-6-17,1117
101090310,2015-6-17,1170
101090311,2015-6-17,1281
101090312,2015-6-17,1366
101090313,2015-6-17,864
101090314,2015-6-17,656
101090402,2015-6-17,1195
101090403,2015-6-17,1162
101090404,2015-6-17,1055
101090405,2015-6-17,1088
101090406,2015-6-17,1142
101090407,2015-6-17,1038
101090408,2015-6-17,1005
101090409,2015-6-17,1199
101090410,2015-6-17,705
101090501,2015-6-17,1459
101090502,2015-6-17,1507
101090503,2015-6-17,1528
101090504,2015-6-17,1420
101090505,2015-6-17,1339
101090506,2015-6-17,1364
101090507,2015-6-17,1436
101090508,2015-6-17,1496
101090509,2015-6-17,1440
101090510,2015-6-17,1557
101090511,2015-6-17,1507
101090512,2015-6-17,1283
101090601,2015-6-17,1652
101090602,2015-6-17,1607
101090603,2015-6-17,1621
101090604,2015-6-17,1656
101090605,2015-6-17,1659
101090606,2015-6-17,1585
101090607,2015-6-17,1547
101090608,2015-6-17,1611
101090609,2015-6-17,1541
101090701,2015-6-17,1658
101090702,2015-6-17,1638
101090703,2015-6-17,1589
101090704,2015-6-17,1590
101090705,2015-6-17,1578
101090706,2015-6-17,1583
101090707,2015-6-17,1563
101090708,2015-6-17,1518
101090709,2015-6-17,1699
101090710,2015-6-17,1520
101090711,2015-6-17,1666
101090712,2015-6-17,1704
101090713,2015-6-17,1597
101090714,2015-6-17,1574
101090716,2015-6-17,1658
101090801,2015-6-17,1686
101090802,2015-6-17,1646
101090803,2015-6-17,1650
101090804,2015-6-17,1578
101090805,2015-6-17,1636
101090806,2015-6-17,1598
101090807,2015-6-17,1615
101090808,2015-6-17,1609
101090809,2015-6-17,1668
101090810,2015-6-17,1622
101090811,2015-6-17,1714
101090901,2015-6-17,1754
101090902,2015-6-17,1717
101090904,2015-6-17,1755
101090905,2015-6-17,1633
101090906,2015-6-17,1713
101090907,2015-6-17,1716
101090908,2015-6-17,1658
101090909,2015-6-17,1677
101090910,2015-6-17,1718
101090911,2015-6-17,1706
101090912,2015-6-17,1697
101090913,2015-6-17,1645
101090914,2015-6-17,1720
101090915,2015-6-17,1579
101090916,2015-6-17,1730
101090917,2015-6-17,1696
101090918,2015-6-17,1711
101091001,2015-6-17,1791
101091002,2015-6-17,1804
101091003,2015-6-17,1574
101091004,2015-6-17,1655
101091005,2015-6-17,1548
101091006,2015-6-17,1710
101091007,2015-6-17,1769
101091008,2015-6-17,1675
101091009,2015-6-17,1840
101091010,2015-6-17,1657
101091011,2015-6-17,1719
101091012,2015-6-17,1681
101091013,2015-6-17,1666
101091014,2015-6-17,1663
101091015,2015-6-17,1760
101091016,2015-6-17,1780
101091101,2015-6-17,1170
101091102,2015-6-17,1279
101091103,2015-6-17,1392
101091104,2015-6-17,1415
101091105,2015-6-17,1440
101091106,2015-6-17,1170
101110102,2015-6-17,1615
101110103,2015-6-17,1734
101110104,2015-6-17,1551
101110105,2015-6-17,1570
101110106,2015-6-17,1627
101110107,2015-6-17,1797
101110200,2015-6-17,1605
101110201,2015-6-17,1733
101110202,2015-6-17,1589
101110203,2015-6-17,1315
101110204,2015-6-17,1231
101110205,2015-6-17,1689
101110206,2015-6-17,1563
101110207,2015-6-17,1551
101110208,2015-6-17,1279
101110209,2015-6-17,1135
101110210,2015-6-17,1135
101110211,2015-6-17,1706
101110300,2015-6-17,1191
101110301,2015-6-17,1256
101110302,2015-6-17,1343
101110303,2015-6-17,1238
101110304,2015-6-17,1280
101110305,2015-6-17,1195
101110306,2015-6-17,1128
101110307,2015-6-17,1136
101110308,2015-6-17,1201
101110309,2015-6-17,1155
101110310,2015-6-17,1380
101110311,2015-6-17,1060
101110312,2015-6-17,1028
101110401,2015-6-17,1227
101110402,2015-6-17,1271
101110403,2015-6-17,1194
101110404,2015-6-17,1363
101110405,2015-6-17,1198
101110406,2015-6-17,1169
101110407,2015-6-17,1230
101110408,2015-6-17,1295
101110409,2015-6-17,1312
101110410,2015-6-17,1317
101110411,2015-6-17,1506
101110412,2015-6-17,1292
101110413,2015-6-17,1227
101110501,2015-6-17,1797
101110502,2015-6-17,1636
101110503,2015-6-17,1651
101110504,2015-6-17,1636
101110505,2015-6-17,1439
101110506,2015-6-17,1591
101110507,2015-6-17,1780
101110508,2015-6-17,1600
101110509,2015-6-17,1550
101110510,2015-6-17,1726
101110511,2015-6-17,1702
101110601,2015-6-17,1436
101110602,2015-6-17,1221
101110603,2015-6-17,1356
101110604,2015-6-17,1436
101110605,2015-6-17,1583
101110606,2015-6-17,1574
101110607,2015-6-17,1594
101110608,2015-6-17,1549
101110701,2015-6-17,1683
101110702,2015-6-17,1718
101110703,2015-6-17,1684
101110704,2015-6-17,1786
101110705,2015-6-17,1922
101110706,2015-6-17,1845
101110707,2015-6-17,1761
101110708,2015-6-17,1813
101110709,2015-6-17,1333
101110710,2015-6-17,1434
101110801,2015-6-17,1850
101110802,2015-6-17,1604
101110803,2015-6-17,1819
101110804,2015-6-17,1309
101110805,2015-6-17,1784
101110806,2015-6-17,1813
101110807,2015-6-17,1761
101110808,2015-6-17,1443
101110809,2015-6-17,1480
101110810,2015-6-17,1799
101110811,2015-6-17,1583
101110901,2015-6-17,1657
101110903,2015-6-17,1329
101110904,2015-6-17,1117
101110905,2015-6-17,1427
101110906,2015-6-17,1370
101110907,2015-6-17,1558
101110908,2015-6-17,1723
101110909,2015-6-17,885
101110910,2015-6-17,1347
101110911,2015-6-17,1246
101110912,2015-6-17,1623
101111001,2015-6-17,1195
101111002,2015-6-17,1450
101111003,2015-6-17,1118
101111004,2015-6-17,1450
101111101,2015-6-17,1560
101131504,2015-6-17,965
101130801,2015-6-17,1658
101131503,2015-6-17,1594
101131401,2015-6-17,1085
101131501,2015-6-17,1899
101130809,2015-6-17,1658
101130804,2015-6-17,1314
101131203,2015-6-17,727
101130614,2015-6-17,881
101130610,2015-6-17,106
101130612,2015-6-17,1409
101131601,2015-6-17,1369
101130401,2015-6-17,1383
101131103,2015-6-17,1249
101131407,2015-6-17,1186
101130404,2015-6-17,1423
101131408,2015-6-17,1120
101131005,2015-6-17,1249
101131402,2015-6-17,1102
101131201,2015-6-17,1611
101130606,2015-6-17,1439
101131301,2015-6-17,1960
101131009,2015-6-17,1546
101130402,2015-6-17,1457
101130910,2015-6-17,1832
101130405,2015-6-17,1387
101131603,2015-6-17,1476
101130201,2015-6-17,1559
101130808,2015-6-17,1667
101130807,2015-6-17,1581
101130601,2015-6-17,1782
101131011,2015-6-17,1497
101130602,2015-6-17,1618
101131305,2015-6-17,1852
101130407,2015-6-17,1423
101131306,2015-6-17,1776
101130403,2015-6-17,1439
101130303,2015-6-17,1508
101131304,2015-6-17,1575
101131003,2015-6-17,1053
101131302,2015-6-17,1808
101130605,2015-6-17,1661
101131409,2015-6-17,793
101130406,2015-6-17,1232
101130604,2015-6-17,1689
101130905,2015-6-17,1801
101130504,2015-6-17,1817
101131107,2015-6-17,1465
101130301,2015-6-17,1483
101130911,2015-6-17,1745
101130912,2015-6-17,1745
101131101,2015-6-17,1266
101130903,2015-6-17,451
101130501,2015-6-17,2206
101131602,2015-6-17,919
101130803,2015-6-17,1641
101131502,2015-6-17,958
101131106,2015-6-17,1497
101130103,2015-6-17,447
101130805,2015-6-17,1598
101131006,2015-6-17,1262
101130607,2015-6-17,1341
101130906,2015-6-17,1781
101130902,2015-6-17,1805
101131001,2015-6-17,1419
101131004,2015-6-17,1345
101131204,2015-6-17,804
101130909,2015-6-17,1803
101130603,2015-6-17,1646
101131102,2015-6-17,1237
101131307,2015-6-17,1741
101130907,2015-6-17,1748
101131007,2015-6-17,573
101170101,2015-6-17,1296
101170102,2015-6-17,1323
101170103,2015-6-17,1254
101170104,2015-6-17,1217
101170201,2015-6-17,1257
101170202,2015-6-17,1317
101170203,2015-6-17,1224
101170204,2015-6-17,1224
101170301,2015-6-17,1347
101170302,2015-6-17,1273
101170303,2015-6-17,1150
101170306,2015-6-17,1248
101170401,2015-6-17,922
101170402,2015-6-17,753
101170403,2015-6-17,671
101170404,2015-6-17,717
101170406,2015-6-17,981
101170501,2015-6-17,1282
101170502,2015-6-17,1383
101170504,2015-6-17,929
101180101,2015-6-17,1869
101180102,2015-6-17,1807
101180103,2015-6-17,1854
101180104,2015-6-17,1688
101180105,2015-6-17,1710
101180106,2015-6-17,1754
101180107,2015-6-17,1745
101180108,2015-6-17,1854
101180201,2015-6-17,1750
101180202,2015-6-17,1669
101180203,2015-6-17,1711
101180204,2015-6-17,1673
101180205,2015-6-17,1718
101180301,2015-6-17,1883
101180302,2015-6-17,1822
101180303,2015-6-17,1681
101180304,2015-6-17,1724
101180305,2015-6-17,1810
101180306,2015-6-17,1721
101180307,2015-6-17,1637
101180308,2015-6-17,1767
101180401,2015-6-17,1551
101180402,2015-6-17,1665
101180403,2015-6-17,1706
101180404,2015-6-17,1649
101180405,2015-6-17,1722
101180501,2015-6-17,1786
101180502,2015-6-17,1696
101180503,2015-6-17,1667
101180504,2015-6-17,1737
101180505,2015-6-17,1594
101180506,2015-6-17,1724
101180507,2015-6-17,1709
101180508,2015-6-17,1667
101180601,2015-6-17,1856
101180602,2015-6-17,1865
101180603,2015-6-17,1809
101180604,2015-6-17,1787
101180605,2015-6-17,1686
101180606,2015-6-17,1850
101180607,2015-6-17,1792
101180608,2015-6-17,1798
101180609,2015-6-17,1824
101180701,2015-6-17,1705
101180702,2015-6-17,1743
101180703,2015-6-17,1684
101180704,2015-6-17,1712
101180705,2015-6-17,1860
101180706,2015-6-17,1738
101180707,2015-6-17,1753
101180708,2015-6-17,1838
101180709,2015-6-17,1753
101180710,2015-6-17,1729
101180711,2015-6-17,1871
101180712,2015-6-17,1846
101180801,2015-6-17,1731
101180802,2015-6-17,1723
101180803,2015-6-17,1683
101180804,2015-6-17,1632
101180805,2015-6-17,1721
101180902,2015-6-17,1699
101180903,2015-6-17,1715
101180904,2015-6-17,1698
101180905,2015-6-17,1656
101180906,2015-6-17,1597
101180907,2015-6-17,1553
101180908,2015-6-17,1823
101180909,2015-6-17,1403
101180910,2015-6-17,1738
101181001,2015-6-17,1535
101181003,2015-6-17,1664
101181004,2015-6-17,1678
101181005,2015-6-17,1558
101181006,2015-6-17,1689
101181007,2015-6-17,1673
101181008,2015-6-17,1686
101181009,2015-6-17,1723
101181101,2015-6-17,1978
101181102,2015-6-17,1713
101181103,2015-6-17,1770
101181104,2015-6-17,1786
101181106,2015-6-17,1872
101181107,2015-6-17,1742
101181108,2015-6-17,1662
101181201,2015-6-17,1578
101181202,2015-6-17,1690
101181203,2015-6-17,1592
101181301,2015-6-17,1614
101181302,2015-6-17,1607
101181303,2015-6-17,1638
101181304,2015-6-17,1661
101181305,2015-6-17,1673
101181401,2015-6-17,1810
101181402,2015-6-17,1617
101181403,2015-6-17,1695
101181404,2015-6-17,1800
101181405,2015-6-17,1733
101181406,2015-6-17,1600
101181407,2015-6-17,1705
101181408,2015-6-17,1804
101181409,2015-6-17,1667
101181410,2015-6-17,1756
101181501,2015-6-17,1717
101181502,2015-6-17,1646
101181503,2015-6-17,1594
101181601,2015-6-17,1673
101181602,2015-6-17,1701
101181603,2015-6-17,1664
101181604,2015-6-17,1729
101181605,2015-6-17,1700
101181606,2015-6-17,1774
101181607,2015-6-17,1749
101181608,2015-6-17,1531
101181609,2015-6-17,1787
101181610,2015-6-17,1806
101181701,2015-6-17,1628
101181702,2015-6-17,1625
101181703,2015-6-17,1428
101181704,2015-6-17,1419
101181705,2015-6-17,1428
101181706,2015-6-17,1628
101181801,2015-6-17,1879
101200102,2015-6-17,2032
101200106,2015-6-17,1946
101201404,2015-6-17,1902
101200105,2015-6-17,1997
101200801,2015-6-17,1921
101200302,2015-6-17,2155
101201108,2015-6-17,1870
101200204,2015-6-17,1794
101200911,2015-6-17,2107
101201406,2015-6-17,1902
101201405,2015-6-17,1902
101200604,2015-6-17,2065
101200510,2015-6-17,2046
101200605,2015-6-17,2065
101200909,2015-6-17,2076
101200912,2015-6-17,2020
101230101,2015-6-17,2674
101230102,2015-6-17,2642
101230103,2015-6-17,2645
101230104,2015-6-17,2402
101230105,2015-6-17,2358
101230107,2015-6-17,2625
101230108,2015-6-17,2647
101230110,2015-6-17,2630
101230111,2015-6-17,2710
101230201,2015-6-17,2937
101230202,2015-6-17,3114
101230301,2015-6-17,2499
101230302,2015-6-17,2342
101230303,2015-6-17,2187
101230304,2015-6-17,1686
101230305,2015-6-17,1702
101230306,2015-6-17,2565
101230307,2015-6-17,1810
101230308,2015-6-17,2250
101230309,2015-6-17,1705
101230401,2015-6-17,2856
101230402,2015-6-17,2872
101230403,2015-6-17,2818
101230404,2015-6-17,2856
101230405,2015-6-17,2856
101230406,2015-6-17,2856
101230407,2015-6-17,2856
101230501,2015-6-17,2823
101230502,2015-6-17,3138
101230504,2015-6-17,2722
101230505,2015-6-17,2447
101230506,2015-6-17,2965
101230507,2015-6-17,2749
101230508,2015-6-17,2823
101230509,2015-6-17,2945
101230510,2015-6-17,2823
101230601,2015-6-17,3162
101230602,2015-6-17,3087
101230603,2015-6-17,3039
101230604,2015-6-17,3067
101230605,2015-6-17,3111
101230606,2015-6-17,2975
101230607,2015-6-17,3066
101230608,2015-6-17,3019
101230609,2015-6-17,3143
101230610,2015-6-17,2975
101230701,2015-6-17,2866
101230702,2015-6-17,2478
101230703,2015-6-17,2537
101230704,2015-6-17,2823
101230705,2015-6-17,2821
101230706,2015-6-17,2837
101230707,2015-6-17,2996
101230801,2015-6-17,2728
101230802,2015-6-17,2355
101230803,2015-6-17,2333
101230804,2015-6-17,2179
101230805,2015-6-17,2496
101230806,2015-6-17,2228
101230807,2015-6-17,2329
101230808,2015-6-17,2624
101230809,2015-6-17,2501
101230810,2015-6-17,2698
101230811,2015-6-17,2573
101230901,2015-6-17,2600
101230902,2015-6-17,2452
101230903,2015-6-17,2176
101230904,2015-6-17,2230
101230905,2015-6-17,2298
101230906,2015-6-17,2126
101230907,2015-6-17,2287
101230908,2015-6-17,2204
101230909,2015-6-17,2360
101230910,2015-6-17,2403
101240403,2015-6-17,2289
101240401,2015-6-17,2308
101240105,2015-6-17,2237
101240203,2015-6-17,1294
101240613,2015-6-17,2297
101240901,2015-6-17,2212
101240302,2015-6-17,2205
101240906,2015-6-17,2212
101240311,2015-6-17,2171
101270102,2015-6-17,2192
101270103,2015-6-17,2261
101270104,2015-6-17,2015
101270105,2015-6-17,2354
101270106,2015-6-17,2242
101270107,2015-6-17,2088
101270108,2015-6-17,2205
101270109,2015-6-17,2113
101270110,2015-6-17,2252
101270111,2015-6-17,2015
101270112,2015-6-17,2114
101270113,2015-6-17,2118
101270114,2015-6-17,2060
101270115,2015-6-17,2261
101270201,2015-6-17,3466
101270202,2015-6-17,3541
101270203,2015-6-17,3270
101270204,2015-6-17,3407
101270301,2015-6-17,2512
101270302,2015-6-17,2535
101270303,2015-6-17,2442
101270401,2015-6-17,2270
101270402,2015-6-17,2279
101270403,2015-6-17,2185
101270404,2015-6-17,2133
101270405,2015-6-17,2175
101270406,2015-6-17,2074
101270407,2015-6-17,1774
101270408,2015-6-17,2046
101270501,2015-6-17,2385
101270502,2015-6-17,2173
101270503,2015-6-17,2276
101270504,2015-6-17,2372
101270505,2015-6-17,2016
101270506,2015-6-17,2161
101270507,2015-6-17,2185
101270601,2015-6-17,2249
101270602,2015-6-17,2066
101270603,2015-6-17,2095
101270604,2015-6-17,2063
101270605,2015-6-17,2270
101270606,2015-6-17,1792
101270607,2015-6-17,2249
101270608,2015-6-17,2249
101270701,2015-6-17,2287
101270702,2015-6-17,2222
101270703,2015-6-17,2205
101270801,2015-6-17,2173
101270802,2015-6-17,2186
101270803,2015-6-17,2328
101270804,2015-6-17,2129
101270901,2015-6-17,2147
101270902,2015-6-17,2016
101270903,2015-6-17,1997
101270904,2015-6-17,2002
101271003,2015-6-17,2428
101271004,2015-6-17,2456
101271005,2015-6-17,2480
101271006,2015-6-17,2355
101271007,2015-6-17,2397
101271101,2015-6-17,2597
101271103,2015-6-17,2640
101271104,2015-6-17,2532
101271105,2015-6-17,2298
101271106,2015-6-17,2589
101271107,2015-6-17,2452
101271108,2015-6-17,2508
101271109,2015-6-17,2294
101271110,2015-6-17,2405
101271111,2015-6-17,2418
101271201,2015-6-17,2347
101271202,2015-6-17,2347
101271203,2015-6-17,2526
101271204,2015-6-17,2464
101271205,2015-6-17,2468
101271301,2015-6-17,2406
101271302,2015-6-17,2356
101271303,2015-6-17,2311
101271304,2015-6-17,2416
101271401,2015-6-17,2454
101271402,2015-6-17,2500
101271403,2015-6-17,2400
101271404,2015-6-17,2306
101271405,2015-6-17,2280
101271406,2015-6-17,2256
101271407,2015-6-17,2278
101271408,2015-6-17,2371
101271409,2015-6-17,108
101271501,2015-6-17,2363
101271502,2015-6-17,2500
101271503,2015-6-17,2446
101271504,2015-6-17,2321
101271505,2015-6-17,2234
101271506,2015-6-17,2315
101271601,2015-6-17,2660
101271603,2015-6-17,2071
101271604,2015-6-17,1645
101271605,2015-6-17,2881
101271606,2015-6-17,2240
101271607,2015-6-17,2390
101271608,2015-6-17,3219
101271609,2015-6-17,2629
101271610,2015-6-17,2660
101271611,2015-6-17,2521
101271612,2015-6-17,1378
101271613,2015-6-17,2085
101271614,2015-6-17,1905
101271615,2015-6-17,1628
101271616,2015-6-17,2386
101271617,2015-6-17,1686
101271618,2015-6-17,1621
101271619,2015-6-17,1314
101271701,2015-6-17,2149
101271702,2015-6-17,1974
101271703,2015-6-17,1967
101271704,2015-6-17,2140
101271705,2015-6-17,2481
101271706,2015-6-17,1893
101271707,2015-6-17,1994
101271708,2015-6-17,1717
101271801,2015-6-17,523
101271802,2015-6-17,741
101271803,2015-6-17,2173
101271804,2015-6-17,1918
101271805,2015-6-17,979
101271806,2015-6-17,1468
101271807,2015-6-17,759
101271808,2015-6-17,559
101271809,2015-6-17,692
101271810,2015-6-17,521
101271811,2015-6-17,818
101271812,2015-6-17,10
101271813,2015-6-17,74
101271814,2015-6-17,333
101271815,2015-6-17,1840
101271816,2015-6-17,1369
101271817,2015-6-17,457
101271818,2015-6-17,2011
101271901,2015-6-17,363
101271902,2015-6-17,1652
101271903,2015-6-17,1296
101271904,2015-6-17,1318
101271905,2015-6-17,431
101271906,2015-6-17,1535
101271907,2015-6-17,1569
101271908,2015-6-17,1393
101271909,2015-6-17,922
101271910,2015-6-17,904
101271911,2015-6-17,417
101271912,2015-6-17,91
101271913,2015-6-17,114
101272001,2015-6-17,2186
101272002,2015-6-17,2231
101272003,2015-6-17,2206
101272004,2015-6-17,2129
101272005,2015-6-17,2098
101272101,2015-6-17,2056
101272102,2015-6-17,2114
101272103,2015-6-17,1702
101272104,2015-6-17,2049
101272105,2015-6-17,2146
101281206,2015-6-17,3270
101280800,2015-6-17,3575
101280804,2015-6-17,3382
101280105,2015-6-17,3356
101281109,2015-6-17,3471
101281905,2015-6-17,3231
101280703,2015-6-17,3491
101282006,2015-6-17,3622
101281010,2015-6-17,3606
101280409,2015-6-17,3171
101280401,2015-6-17,3171
101281107,2015-6-17,3471
101281008,2015-6-17,3606
101280601,2015-6-17,3518
101280801,2015-6-17,3575
101281009,2015-6-17,3606
101281307,2015-6-17,3148
101300101,2015-6-17,3195
101300103,2015-6-17,3437
101300104,2015-6-17,3289
101300105,2015-6-17,3388
101300106,2015-6-17,3338
101300107,2015-6-17,3166
101300108,2015-6-17,3496
101300109,2015-6-17,3220
101300201,2015-6-17,3621
101300202,2015-6-17,3197
101300203,2015-6-17,3493
101300204,2015-6-17,3241
101300205,2015-6-17,3502
101300206,2015-6-17,3302
101300207,2015-6-17,3514
101300301,2015-6-17,3011
101300302,2015-6-17,2931
101300304,2015-6-17,2995
101300305,2015-6-17,3023
101300306,2015-6-17,2732
101300307,2015-6-17,2818
101300308,2015-6-17,2435
101300401,2015-6-17,3197
101300402,2015-6-17,3097
101300403,2015-6-17,2564
101300404,2015-6-17,3093
101300405,2015-6-17,3147
101300406,2015-6-17,3197
101300501,2015-6-17,2629
101300503,2015-6-17,2509
101300504,2015-6-17,2594
101300505,2015-6-17,2719
101300506,2015-6-17,2468
101300507,2015-6-17,2586
101300508,2015-6-17,2370
101300509,2015-6-17,2448
101300510,2015-6-17,2690
101300511,2015-6-17,2846
101300512,2015-6-17,2748
101300513,2015-6-17,2805
101300514,2015-6-17,2172
101300601,2015-6-17,3134
101300602,2015-6-17,3154
101300604,2015-6-17,3318
101300605,2015-6-17,2816
101300606,2015-6-17,3143
101300701,2015-6-17,2784
101300702,2015-6-17,2886
101300703,2015-6-17,2739
101300704,2015-6-17,2801
101300801,2015-6-17,3298
101300802,2015-6-17,3273
101300803,2015-6-17,3400
101300901,2015-6-17,3366
101300902,2015-6-17,3371
101300903,2015-6-17,3399
101300904,2015-6-17,3111
101300905,2015-6-17,3358
101300906,2015-6-17,3366
101301001,2015-6-17,3447
101301002,2015-6-17,3003
101301003,2015-6-17,3649
101301004,2015-6-17,3113
101301005,2015-6-17,3056
101301006,2015-6-17,3549
101301007,2015-6-17,3559
101301008,2015-6-17,2972
101301009,2015-6-17,3083
101301010,2015-6-17,2499
101301011,2015-6-17,3366
101301012,2015-6-17,3302
101301101,2015-6-17,3532
101301102,2015-6-17,3408
101301103,2015-6-17,3351
101301201,2015-6-17,2978
101301202,2015-6-17,3044
101301203,2015-6-17,3086
101301204,2015-6-17,3205
101301205,2015-6-17,2819
101301206,2015-6-17,2778
101301207,2015-6-17,3011
101301208,2015-6-17,2988
101301209,2015-6-17,2317
101301210,2015-6-17,3240
101301211,2015-6-17,3205
101301301,2015-6-17,3608
101301302,2015-6-17,3649
101301303,2015-6-17,3630
101301401,2015-6-17,3488
101301402,2015-6-17,3187
101301403,2015-6-17,3493
101301405,2015-6-17,3360
101310101,2015-6-17,3899
101310201,2015-6-17,3955
101310202,2015-6-17,4125
101310203,2015-6-17,3813
101310204,2015-6-17,3808
101310205,2015-6-17,3935
101310206,2015-6-17,4175
101310207,2015-6-17,3947
101310208,2015-6-17,3740
101310209,2015-6-17,3869
101310210,2015-6-17,3866
101310211,2015-6-17,3983
101310212,2015-6-17,3897
101310214,2015-6-17,3968
101310215,2015-6-17,3920
101310216,2015-6-17,3974
101310217,2015-6-17,4302
101310221,2015-6-17,3885
101310222,2015-6-17,3738
101010100,2015-6-17,1658
101020100,2015-6-17,1847
101030100,2015-6-17,1724
101100101,2015-6-17,1348
101130101,2015-6-17,1290
101140101,2015-6-17,869
101150101,2015-6-17,713
101160101,2015-6-17,1321
101260101,2015-6-17,1833
101050407,2015-6-17,802
101050101,2015-6-17,914
101050203,2015-6-17,859
101050202,2015-6-17,735
101050602,2015-6-17,673
101121007,2015-6-17,1609
101120208,2015-6-17,1345
101191302,2015-6-17,1586
101191202,2015-6-17,1616
101200101,2015-6-17,1946
101210102,2015-6-17,1985
101210502,2015-6-17,2036
101220902,2015-6-17,1706
101240510,2015-6-17,2290
101250601,2015-6-17,1978
101281005,2015-6-17,3590
101290409,2015-6-17,2095
101050104,2015-6-17,866
101050503,2015-6-17,851
101050207,2015-6-17,724
101051303,2015-6-17,792
101050107,2015-6-17,827
101050606,2015-6-17,615
101050105,2015-6-17,869
101051003,2015-6-17,838
101050901,2015-6-17,875
101050701,2015-6-17,582
101050307,2015-6-17,911
101050905,2015-6-17,864
101050109,2015-6-17,833
101050205,2015-6-17,784
101050403,2015-6-17,674
101050204,2015-6-17,843
101050302,2015-6-17,780
101050504,2015-6-17,669
101051201,2015-6-17,617
101050601,2015-6-17,652
101050404,2015-6-17,783
101050405,2015-6-17,784
101050103,2015-6-17,901
101051102,2015-6-17,753
101050704,2015-6-17,615
101050705,2015-6-17,396
101050708,2015-6-17,582
101050401,2015-6-17,842
101050805,2015-6-17,634
101051104,2015-6-17,821
101051101,2015-6-17,824
101051302,2015-6-17,878
101050209,2015-6-17,662
101050208,2015-6-17,708
101050507,2015-6-17,824
101050902,2015-6-17,789
101050304,2015-6-17,806
101051203,2015-6-17,733
101050505,2015-6-17,747
101051103,2015-6-17,783
101050703,2015-6-17,462
101050301,2015-6-17,886
101050113,2015-6-17,796
101050303,2015-6-17,789
101050306,2015-6-17,895
101050509,2015-6-17,760
101050508,2015-6-17,775
101050201,2015-6-17,820
101051002,2015-6-17,806
101051304,2015-6-17,687
101050111,2015-6-17,791
101050102,2015-6-17,907
101051301,2015-6-17,818
101051202,2015-6-17,734
101050305,2015-6-17,666
101050501,2015-6-17,833
101050510,2015-6-17,693
101050603,2015-6-17,659
101050702,2015-6-17,474
101050210,2015-6-17,896
101050402,2015-6-17,766
101050804,2015-6-17,702
101050108,2015-6-17,764
101050406,2015-6-17,720
101050506,2015-6-17,811
101050112,2015-6-17,880
101050605,2015-6-17,632
101050802,2015-6-17,522
101050803,2015-6-17,566
101050706,2015-6-17,420
101050604,2015-6-17,713
101050110,2015-6-17,753
101050206,2015-6-17,703
101050801,2015-6-17,654
101050106,2015-6-17,800
101051305,2015-6-17,818
101050502,2015-6-17,858
101050904,2015-6-17,910
101050903,2015-6-17,912
101120607,2015-6-17,1488
101121101,2015-6-17,1518
101120303,2015-6-17,1681
101121102,2015-6-17,1665
101120503,2015-6-17,1178
101120605,2015-6-17,1540
101120102,2015-6-17,1729
101120606,2015-6-17,1408
101121305,2015-6-17,885
101121008,2015-6-17,1682
101121705,2015-6-17,1518
101120401,2015-6-17,1705
101121005,2015-6-17,1628
101121706,2015-6-17,1591
101121004,2015-6-17,1670
101120805,2015-6-17,1601
101121201,2015-6-17,1573
101120804,2015-6-17,1612
101120909,2015-6-17,1671
101120508,2015-6-17,1374
101120608,2015-6-17,1416
101120304,2015-6-17,1550
101121704,2015-6-17,1535
101121205,2015-6-17,1620
101121702,2015-6-17,1544
101120511,2015-6-17,1225
101121202,2015-6-17,1544
101121001,2015-6-17,1748
101120206,2015-6-17,1309
101120307,2015-6-17,1703
101121105,2015-6-17,1552
101120205,2015-6-17,1326
101120702,2015-6-17,1727
101120204,2015-6-17,1415
101120101,2015-6-17,1739
101120701,2015-6-17,1753
101120706,2015-6-17,1623
101120106,2015-6-17,1576
101121002,2015-6-17,1678
101120902,2015-6-17,1559
101121503,2015-6-17,1455
101121006,2015-6-17,1643
101121203,2015-6-17,1574
101121601,2015-6-17,1623
101120207,2015-6-17,1278
101120510,2015-6-17,1325
101120502,2015-6-17,1536
101120904,2015-6-17,1594
101120202,2015-6-17,1425
101120406,2015-6-17,1536
101120709,2015-6-17,1616
101121701,2015-6-17,1563
101121204,2015-6-17,1561
101120404,2015-6-17,1485
101121707,2015-6-17,1497
101120604,2015-6-17,1597
101120905,2015-6-17,1515
101120403,2015-6-17,1580
101120901,2015-6-17,1547
101120308,2015-6-17,1635
101120505,2015-6-17,1420
101120907,2015-6-17,1638
101120509,2015-6-17,1218
101120409,2015-6-17,1538
101120806,2015-6-17,1611
101120504,2015-6-17,1332
101120908,2015-6-17,1703
101120105,2015-6-17,1624
101120408,2015-6-17,1469
101120405,2015-6-17,1600
101120201,2015-6-17,1158
101120407,2015-6-17,1490
101120602,2015-6-17,1585
101120507,2015-6-17,1287
101120710,2015-6-17,1785
101121501,2015-6-17,1293
101121303,2015-6-17,1124
101121304,2015-6-17,1185
101120103,2015-6-17,1479
101121009,2015-6-17,1750
101121709,2015-6-17,1650
101121306,2015-6-17,1024
101120603,2015-6-17,1551
101120708,2015-6-17,1712
101120801,2015-6-17,1631
101121404,2015-6-17,1677
101120906,2015-6-17,1555
101121405,2015-6-17,1665
101120601,2015-6-17,1540
101121301,2015-6-17,1284
101120703,2015-6-17,1766
101121302,2015-6-17,1164
101120707,2015-6-17,1532
101120402,2015-6-17,1581
101121103,2015-6-17,1578
101121502,2015-6-17,1479
101120410,2015-6-17,1589
101120802,2015-6-17,1629
101121402,2015-6-17,1756
101121703,2015-6-17,1637
101121104,2015-6-17,1528
101120501,2015-6-17,1261
101120705,2015-6-17,1646
101121403,2015-6-17,1676
101120903,2015-6-17,1577
101120910,2015-6-17,1493
101120306,2015-6-17,1523
101120411,2015-6-17,1581
101121003,2015-6-17,1708
101120704,2015-6-17,1661
101121401,2015-6-17,1692
101120104,2015-6-17,1696
101121106,2015-6-17,1527
101120506,2015-6-17,1234
101120305,2015-6-17,1620
101120609,2015-6-17,1449
101120301,2015-6-17,1591
101120302,2015-6-17,1691
101120711,2015-6-17,1835
101121107,2015-6-17,1722
101190602,2015-6-17,1596
101190703,2015-6-17,1484
101190402,2015-6-17,1781
101191101,2015-6-17,1781
101190708,2015-6-17,1443
101190302,2015-6-17,1759
101191002,2015-6-17,1515
101190707,2015-6-17,1527
101190803,2015-6-17,1600
101190704,2015-6-17,1487
101191003,2015-6-17,1423
101190103,2015-6-17,1809
101190604,2015-6-17,1696
101191005,2015-6-17,1527
101191004,2015-6-17,1512
101190502,2015-6-17,1619
101190508,2015-6-17,1642
101190606,2015-6-17,1725
101190904,2015-6-17,1594
101190901,2015-6-17,1566
101190908,2015-6-17,1563
101190906,2015-6-17,1566
101190605,2015-6-17,1630
101190106,2015-6-17,1785
101191204,2015-6-17,1608
101190202,2015-6-17,1750
101190706,2015-6-17,1524
101191205,2015-6-17,1792
101190902,2015-6-17,1600
101191103,2015-6-17,1746
101190304,2015-6-17,1700
101190404,2015-6-17,1838
101190905,2015-6-17,1514
101191001,2015-6-17,1442
101190102,2015-6-17,1825
101191102,2015-6-17,1789
101190105,2015-6-17,1699
101190101,2015-6-17,1778
101190501,2015-6-17,1598
101190804,2015-6-17,1707
101190805,2015-6-17,1571
101190107,2015-6-17,1785
101190507,2015-6-17,1580
101190504,2015-6-17,1568
101190503,2015-6-17,1550
101190705,2015-6-17,1365
101191304,2015-6-17,1684
101191303,2015-6-17,1685
101190806,2015-6-17,1640
101191301,2015-6-17,1650
101191305,2015-6-17,1650
101190408,2015-6-17,1712
101191203,2015-6-17,1658
101191201,2015-6-17,1582
101190802,2015-6-17,1715
101190509,2015-6-17,1614
101190407,2015-6-17,1818
101191104,2015-6-17,1781
101190201,2015-6-17,1813
101190702,2015-6-17,1428
101190807,2015-6-17,1551
101190204,2015-6-17,1813
101190903,2015-6-17,1703
101190801,2015-6-17,1715
101190303,2015-6-17,1676
101190601,2015-6-17,1725
101190203,2015-6-17,1759
101190603,2015-6-17,1721
101190403,2015-6-17,1720
101200402,2015-6-17,1959
101201008,2015-6-17,2033
101200203,2015-6-17,1800
101200908,2015-6-17,1933
101200702,2015-6-17,2121
101200704,2015-6-17,2114
101200907,2015-6-17,1895
101201107,2015-6-17,1930
101200404,2015-6-17,1873
101200602,2015-6-17,2064
101201001,2015-6-17,2016
101200301,2015-6-17,2155
101201106,2015-6-17,1685
101200803,2015-6-17,2047
101201302,2015-6-17,1864
101200207,2015-6-17,1891
101200406,2015-6-17,2003
101201006,2015-6-17,1850
101200502,2015-6-17,1880
101200806,2015-6-17,2027
101200501,2015-6-17,2046
101200508,2015-6-17,1989
101200103,2015-6-17,1970
101200601,2015-6-17,2065
101200802,2015-6-17,1921
101200805,2015-6-17,2134
101201003,2015-6-17,1756
101200703,2015-6-17,1982
101201401,2015-6-17,1902
101201403,2015-6-17,1936
101201007,2015-6-17,1879
101200206,2015-6-17,1730
101201002,2015-6-17,1472
101200504,2015-6-17,1971
101200503,2015-6-17,1957
101201701,2015-6-17,1961
101200507,2015-6-17,2109
101201201,2015-6-17,1359
101200804,2015-6-17,2061
101201101,2015-6-17,1870
101200807,2015-6-17,2092
101201301,2015-6-17,1806
101201501,2015-6-17,1991
101200705,2015-6-17,1962
101200706,2015-6-17,2102
101200906,2015-6-17,1681
101200509,2015-6-17,2017
101201004,2015-6-17,1613
101200201,2015-6-17,1849
101200202,2015-6-17,1849
101200701,2015-6-17,2037
101201601,2015-6-17,1991
101200407,2015-6-17,1980
101200401,2015-6-17,1980
101200904,2015-6-17,1957
101200104,2015-6-17,1930
101200606,2015-6-17,2065
101200506,2015-6-17,2040
101201005,2015-6-17,1845
101200603,2015-6-17,2143
101200901,2015-6-17,1882
101200205,2015-6-17,1804
101200405,2015-6-17,1948
101200505,2015-6-17,2092
101200902,2015-6-17,1842
101200403,2015-6-17,1956
101201103,2015-6-17,1795
101201104,2015-6-17,1899
101200208,2015-6-17,1893
101201109,2015-6-17,1870
101200910,2015-6-17,2003
101201402,2015-6-17,1989
101201105,2015-6-17,1840
101201102,2015-6-17,1640
101200903,2015-6-17,1919
101210203,2015-6-17,1798
101210410,2015-6-17,1862
101210709,2015-6-17,1845
101211002,2015-6-17,2061
101210202,2015-6-17,1799
101210104,2015-6-17,2018
101210403,2015-6-17,1920
101211104,2015-6-17,1735
101210204,2015-6-17,1843
101211106,2015-6-17,1780
101210706,2015-6-17,1919
101210905,2015-6-17,2178
101210405,2015-6-17,1883
101210108,2015-6-17,1955
101210303,2015-6-17,1861
101210306,2015-6-17,1805
101210101,2015-6-17,1989
101210609,2015-6-17,1984
101210612,2015-6-17,2023
101210201,2015-6-17,1860
101210105,2015-6-17,1959
101211005,2015-6-17,2082
101210611,2015-6-17,2023
101210302,2015-6-17,1782
101210301,2015-6-17,1816
101210809,2015-6-17,2206
101210901,2015-6-17,2176
101210804,2015-6-17,2059
101211003,2015-6-17,1951
101210903,2015-6-17,2125
101210107,2015-6-17,1809
101210610,2015-6-17,2023
101210801,2015-6-17,2292
101210803,2015-6-17,2191
101211004,2015-6-17,2084
101210613,2015-6-17,2019
101210401,2015-6-17,1965
101210408,2015-6-17,1924
101210908,2015-6-17,1980
101210305,2015-6-17,1712
101210704,2015-6-17,1845
101210902,2015-6-17,1956
101211105,2015-6-17,1701
101210805,2015-6-17,2253
101210807,2015-6-17,2179
101211006,2015-6-17,2092
101211001,2015-6-17,2092
101210705,2015-6-17,2142
101210604,2015-6-17,1938
101210503,2015-6-17,1941
101210501,2015-6-17,2023
101211102,2015-6-17,1638
101210505,2015-6-17,1964
101210808,2015-6-17,2206
101210802,2015-6-17,2068
101210702,2015-6-17,1870
101210601,2015-6-17,1984
101210605,2015-6-17,1980
101210103,2015-6-17,1965
101210304,2015-6-17,1896
101210703,2015-6-17,2180
101210607,2015-6-17,2019
101210701,2015-6-17,2167
101210906,2015-6-17,2083
101210406,2015-6-17,1873
101210606,2015-6-17,2093
101210504,2015-6-17,1980
101210411,2015-6-17,1965
101210904,2015-6-17,2083
101210708,2015-6-17,2175
101210907,2015-6-17,2196
101210707,2015-6-17,2035
101210106,2015-6-17,1985
101210603,2015-6-17,1911
101210806,2015-6-17,2206
101210404,2015-6-17,1960
101210412,2015-6-17,1862
101211101,2015-6-17,1780
101220601,2015-6-17,1906
101220201,2015-6-17,1616
101220901,2015-6-17,1613
101220102,2015-6-17,1808
101220105,2015-6-17,1826
101221701,2015-6-17,1870
101221101,2015-6-17,1642
101220702,2015-6-17,1552
101220502,2015-6-17,1891
101221104,2015-6-17,1707
101221702,2015-6-17,1950
101220302,2015-6-17,1895
101220103,2015-6-17,1918
101220104,2015-6-17,1871
101220402,2015-6-17,1840
101221102,2015-6-17,1613
101220802,2015-6-17,1684
101220801,2015-6-17,1724
101221406,2015-6-17,1805
101220203,2015-6-17,1607
101220503,2015-6-17,1784
101220101,2015-6-17,1900
101220504,2015-6-17,1891
101221201,2015-6-17,1774
101220401,2015-6-17,1878
101220605,2015-6-17,1984
101220202,2015-6-17,1816
101221001,2015-6-17,1963
101221008,2015-6-17,833
101221002,2015-6-17,1810
101221502,2015-6-17,1738
101221506,2015-6-17,1767
101220805,2015-6-17,1721
101221403,2015-6-17,1896
101221402,2015-6-17,1817
101221505,2015-6-17,1854
101221704,2015-6-17,1580
101221405,2015-6-17,1891
101221106,2015-6-17,1772
101221407,2015-6-17,1812
101220703,2015-6-17,1527
101220804,2015-6-17,1710
101220903,2015-6-17,1692
101221501,2015-6-17,1885
101220106,2015-6-17,1943
101220501,2015-6-17,1846
101220904,2015-6-17,1665
101221103,2015-6-17,1721
101220304,2015-6-17,1771
101221404,2015-6-17,1815
101220403,2015-6-17,1878
101220604,2015-6-17,1950
101221004,2015-6-17,1885
101221703,2015-6-17,1935
101221105,2015-6-17,1767
101221006,2015-6-17,1929
101221705,2015-6-17,1864
101221503,2015-6-17,1681
101221507,2015-6-17,1898
101220704,2015-6-17,1676
101221202,2015-6-17,1707
101220606,2015-6-17,2033
101220701,2015-6-17,1692
101220806,2015-6-17,1603
101220603,2015-6-17,1872
101221107,2015-6-17,1710
101220609,2015-6-17,1811
101221301,2015-6-17,1923
101221003,2015-6-17,1963
101220607,2015-6-17,1968
101220204,2015-6-17,1670
101220301,2015-6-17,1821
101220303,2015-6-17,1802
101220305,2015-6-17,1752
101220705,2015-6-17,1687
101221007,2015-6-17,1866
101221401,2015-6-17,1827
101220803,2015-6-17,1752
101221005,2015-6-17,1819
101220608,2015-6-17,1620
101220602,2015-6-17,1942
101240612,2015-6-17,2394
101240104,2015-6-17,2013
101240712,2015-6-17,2575
101240904,2015-6-17,2212
101240404,2015-6-17,2199
101240702,2015-6-17,2578
101240705,2015-6-17,2626
101240205,2015-6-17,1931
101240307,2015-6-17,2136
101240715,2015-6-17,2806
101161106,2015-6-17,698
101240210,2015-6-17,2035
101240507,2015-6-17,2194
101241002,2015-6-17,2183
101240803,2015-6-17,2214
101240718,2015-6-17,2632
101240701,2015-6-17,2632
101240508,2015-6-17,2186
101240402,2015-6-17,2392
101240313,2015-6-17,2243
101241103,2015-6-17,2278
101240310,2015-6-17,2304
101240711,2015-6-17,2725
101240207,2015-6-17,1981
101240601,2015-6-17,2387
101240602,2015-6-17,2387
101240506,2015-6-17,2055
101240801,2015-6-17,2214
101240608,2015-6-17,1854
101240405,2015-6-17,2285
101240603,2015-6-17,2352
101240201,2015-6-17,1888
101240802,2015-6-17,2149
101240902,2015-6-17,2267
101240410,2015-6-17,2273
101240714,2015-6-17,2722
101240905,2015-6-17,2212
101240101,2015-6-17,2189
101240103,2015-6-17,2205
101240408,2015-6-17,2292
101240409,2015-6-17,2367
101240704,2015-6-17,2594
101240707,2015-6-17,2433
101240208,2015-6-17,2011
101240713,2015-6-17,2493
101240202,2015-6-17,1927
101240709,2015-6-17,2629
101240505,2015-6-17,2272
101240903,2015-6-17,2212
101240301,2015-6-17,2158
101240308,2015-6-17,2309
101240703,2015-6-17,2520
101240708,2015-6-17,2399
101240610,2015-6-17,2460
101240611,2015-6-17,2461
101240502,2015-6-17,2013
101240609,2015-6-17,2423
101240306,2015-6-17,2265
101240504,2015-6-17,2187
101240204,2015-6-17,1972
101240303,2015-6-17,2017
101240605,2015-6-17,2195
101240706,2015-6-17,2776
101240604,2015-6-17,2266
101240717,2015-6-17,2580
101240209,2015-6-17,2059
101240102,2015-6-17,2252
101241001,2015-6-17,2152
101240212,2015-6-17,2010
101240716,2015-6-17,2650
101240501,2015-6-17,2160
101240503,2015-6-17,2078
101240407,2015-6-17,2272
101241101,2015-6-17,2297
101240309,2015-6-17,2271
101240606,2015-6-17,2266
101240607,2015-6-17,2251
101240206,2015-6-17,2226
101240710,2015-6-17,2617
101240305,2015-6-17,2258
101241102,2015-6-17,2164
101240312,2015-6-17,2117
101240509,2015-6-17,2287
101240406,2015-6-17,2233
101250704,2015-6-17,1942
101250509,2015-6-17,2308
101250602,2015-6-17,2136
101251502,2015-6-17,1920
101250305,2015-6-17,2291
101250406,2015-6-17,2318
101250101,2015-6-17,1997
101250909,2015-6-17,2125
101251204,2015-6-17,2073
101250501,2015-6-17,2435
101251103,2015-6-17,2128
101251405,2015-6-17,2596
101251403,2015-6-17,2357
101250903,2015-6-17,2005
101251505,2015-6-17,1873
101250511,2015-6-17,2048
101250502,2015-6-17,2327
101251504,2015-6-17,1938
101250604,2015-6-17,2093
101250403,2015-6-17,2217
101250407,2015-6-17,2217
101250402,2015-6-17,2276
101250401,2015-6-17,2350
101250405,2015-6-17,2241
101250701,2015-6-17,2194
101251213,2015-6-17,2037
101251201,2015-6-17,2048
101251002,2015-6-17,2075
101251508,2015-6-17,1961
101251206,2015-6-17,2157
101250503,2015-6-17,2451
101251410,2015-6-17,2464
101251407,2015-6-17,2432
101251205,2015-6-17,2147
101250608,2015-6-17,2077
101251501,2015-6-17,1947
101251408,2015-6-17,2511
101250408,2015-6-17,2270
101250803,2015-6-17,2056
101251411,2015-6-17,2215
101250806,2015-6-17,2090
101250303,2015-6-17,2239
101250606,2015-6-17,2077
101250505,2015-6-17,2348
101251006,2015-6-17,2004
101250103,2015-6-17,2123
101250605,2015-6-17,2003
101250902,2015-6-17,2012
101251507,2015-6-17,1976
101250801,2015-6-17,1988
101251506,2015-6-17,2016
101250104,2015-6-17,1997
101251208,2015-6-17,2085
101251004,2015-6-17,1996
101250702,2015-6-17,2083
101250409,2015-6-17,1355
101250102,2015-6-17,2123
101251406,2015-6-17,2419
101251005,2015-6-17,2010
101250404,2015-6-17,2349
101251402,2015-6-17,2407
101250508,2015-6-17,2239
101251102,2015-6-17,1941
101250905,2015-6-17,1971
101250202,2015-6-17,1992
101250901,2015-6-17,2042
101250910,2015-6-17,1981
101250607,2015-6-17,2024
101250802,2015-6-17,2149
101251404,2015-6-17,2345
101250906,2015-6-17,2252
101250512,2015-6-17,2435
101250703,2015-6-17,2044
101250603,2015-6-17,2037
101251207,2015-6-17,2121
101250105,2015-6-17,1997
101250908,2015-6-17,2164
101251104,2015-6-17,2128
101250201,2015-6-17,2086
101250203,2015-6-17,2064
101251003,2015-6-17,2123
101250805,2015-6-17,2084
101251209,2015-6-17,2043
101250907,2015-6-17,2083
101250904,2015-6-17,2052
101251409,2015-6-17,2447
101251211,2015-6-17,2055
101250306,2015-6-17,2232
101250700,2015-6-17,2194
101250504,2015-6-17,2490
101251503,2015-6-17,1985
101250510,2015-6-17,2283
101251401,2015-6-17,2299
101250302,2015-6-17,2331
101250705,2015-6-17,2134
101251203,2015-6-17,2040
101251001,2015-6-17,2141
101251101,2015-6-17,2128
101251210,2015-6-17,1991
101251212,2015-6-17,2048
101250301,2015-6-17,2136
101250507,2015-6-17,2417
101280302,2015-6-17,3425
101281503,2015-6-17,3162
101280502,2015-6-17,3366
101281501,2015-6-17,3162
101280503,2015-6-17,3133
101281006,2015-6-17,3606
101280103,2015-6-17,3131
101280404,2015-6-17,3133
101280905,2015-6-17,3275
101282004,2015-6-17,3637
101281601,2015-6-17,3448
101280702,2015-6-17,3496
101281105,2015-6-17,3371
101280907,2015-6-17,3188
101280406,2015-6-17,3270
101281306,2015-6-17,3111
101280908,2015-6-17,3409
101282002,2015-6-17,3612
101280902,2015-6-17,3322
101280101,2015-6-17,3241
101282102,2015-6-17,3329
101281204,2015-6-17,2899
101281108,2015-6-17,3297
101281201,2015-6-17,3270
101280906,2015-6-17,3121
101282003,2015-6-17,3588
101280304,2015-6-17,3325
101281904,2015-6-17,3341
101280303,2015-6-17,3338
101280301,2015-6-17,3338
101281101,2015-6-17,3297
101280403,2015-6-17,3109
101281902,2015-6-17,3085
101281901,2015-6-17,3231
101281103,2015-6-17,3459
101280205,2015-6-17,2767
101281003,2015-6-17,3630
101281302,2015-6-17,2657
101281203,2015-6-17,3013
101281304,2015-6-17,2622
101281303,2015-6-17,2714
101281205,2015-6-17,3046
101280305,2015-6-17,3138
101282103,2015-6-17,3300
101282104,2015-6-17,3417
101281402,2015-6-17,3407
101282001,2015-6-17,3622
101280504,2015-6-17,3146
101280803,2015-6-17,3382
101280207,2015-6-17,2802
101280102,2015-6-17,3422
101280407,2015-6-17,3007
101281903,2015-6-17,3305
101281308,2015-6-17,3260
101281301,2015-6-17,3260
101281502,2015-6-17,3153
101280206,2015-6-17,2690
101280202,2015-6-17,2819
101280802,2015-6-17,3372
101280501,2015-6-17,3280
101282101,2015-6-17,3417
101280201,2015-6-17,2853
101280203,2015-6-17,2743
101280903,2015-6-17,3202
101281007,2015-6-17,3604
101281106,2015-6-17,3509
101280204,2015-6-17,3013
101281002,2015-6-17,3560
101280408,2015-6-17,3146
101280402,2015-6-17,3188
101281104,2015-6-17,3471
101281403,2015-6-17,3350
101282005,2015-6-17,3458
101281004,2015-6-17,3793
101281802,2015-6-17,3549
101281803,2015-6-17,3460
101281801,2015-6-17,3460
101281305,2015-6-17,3054
101281804,2015-6-17,3460
101281404,2015-6-17,3167
101281406,2015-6-17,3336
101281401,2015-6-17,3336
101280104,2015-6-17,3280
101281001,2015-6-17,3606
101280901,2015-6-17,3409
101281701,2015-6-17,3454
101280701,2015-6-17,3491
101281202,2015-6-17,3115
101290112,2015-6-17,2384
101290501,2015-6-17,2466
101290205,2015-6-17,3137
101291102,2015-6-17,2751
101290505,2015-6-17,2086
101290108,2015-6-17,2361
101290702,2015-6-17,2573
101290801,2015-6-17,2634
101291010,2015-6-17,1855
101290201,2015-6-17,2250
101290802,2015-6-17,2460
101291501,2015-6-17,3097
101291302,2015-6-17,436
101290103,2015-6-17,3312
101290210,2015-6-17,2003
101290708,2015-6-17,2514
101291105,2015-6-17,2535
101291203,2015-6-17,2472
101290109,2015-6-17,2603
101290608,2015-6-17,3241
101290404,2015-6-17,1973
101290308,2015-6-17,2607
101291103,2015-6-17,3090
101291207,2015-6-17,1908
101290607,2015-6-17,2650
101290313,2015-6-17,3772
101290211,2015-6-17,2073
101290301,2015-6-17,3416
101290705,2015-6-17,2468
101291403,2015-6-17,3256
101290408,2015-6-17,1808
101290209,2015-6-17,1761
101290907,2015-6-17,2912
101290703,2015-6-17,2583
101290303,2015-6-17,3159
101290903,2015-6-17,2862
101290902,2015-6-17,3226
101291601,2015-6-17,3625
101290105,2015-6-17,2416
101290312,2015-6-17,2891
101290307,2015-6-17,3265
101290101,2015-6-17,2433
101290904,2015-6-17,3094
101291204,2015-6-17,1350
101291507,2015-6-17,2752
101291401,2015-6-17,1941
101291101,2015-6-17,2701
101291206,2015-6-17,3300
101291503,2015-6-17,2978
101290503,2015-6-17,2019
101291002,2015-6-17,1584
101290808,2015-6-17,2371
101290403,2015-6-17,2266
101290407,2015-6-17,2214
101290111,2015-6-17,2430
101291205,2015-6-17,3300
101290311,2015-6-17,2278
101291508,2015-6-17,3097
101290306,2015-6-17,2732
101290603,2015-6-17,2630
101290604,2015-6-17,2760
101290405,2015-6-17,2086
101291603,2015-6-17,2790
101291605,2015-6-17,3380
101290908,2015-6-17,3118
101290309,2015-6-17,3137
101290206,2015-6-17,2696
101290304,2015-6-17,2770
101290906,2015-6-17,2804
101290805,2015-6-17,2519
101290806,2015-6-17,2329
101290212,2015-6-17,3017
101290912,2015-6-17,2733
101291404,2015-6-17,1759
101291201,2015-6-17,3300
101290310,2015-6-17,2471
101290901,2015-6-17,2977
101291006,2015-6-17,3430
101290606,2015-6-17,2641
101290401,2015-6-17,2332
101291506,2015-6-17,3101
101290107,2015-6-17,2606
101290302,2015-6-17,2948
101290406,2015-6-17,2007
101290809,2015-6-17,2411
101291104,2015-6-17,3114
101291011,2015-6-17,2459
101290504,2015-6-17,2744
101290110,2015-6-17,2201
101291007,2015-6-17,2459
101290113,2015-6-17,1792
101290506,2015-6-17,1907
101290704,2015-6-17,2441
101290208,2015-6-17,2256
101291303,2015-6-17,1310
101291005,2015-6-17,1692
101290601,2015-6-17,2847
101290807,2015-6-17,2216
101291301,2015-6-17,526
101290207,2015-6-17,2383
101290602,2015-6-17,2368
101290909,2015-6-17,2742
101290706,2015-6-17,2668
101290104,2015-6-17,2358
101290203,2015-6-17,2441
101291009,2015-6-17,2382
101290605,2015-6-17,2519
101290804,2015-6-17,2501
101290106,2015-6-17,2684
101291003,2015-6-17,2405
101290707,2015-6-17,2504
101291504,2015-6-17,3104
101291106,2015-6-17,2674
101290204,2015-6-17,2167
101290810,2015-6-17,2851
101291008,2015-6-17,2385
101291402,2015-6-17,2033
101290709,2015-6-17,3943
101290803,2015-6-17,3567
101290305,2015-6-17,3901
101290202,2015-6-17,2389
101291107,2015-6-17,3215
101290701,2015-6-17,2594
101290402,2015-6-17,2332
101291001,2015-6-17,1538
101291108,2015-6-17,3148
101291004,2015-6-17,1452
101290911,2015-6-17,3152
101291304,2015-6-17,526
