areaid,cityname,forecasttime,temperature,pheno,wind_direction,wind_speed
101301207,24.4800,108.6700,2015-06-18 08:00:00,13
101090201,38.7300,115.4800,2015-06-18 08:00:00,101
101251405,25.5300,111.6000,2015-06-18 08:00:00,42
101191303,33.7200,118.6800,2015-06-18 08:00:00,27
101120511,36.7800,121.1800,2015-06-18 08:00:00,84
101290703,24.2800,102.7700,2015-06-18 08:00:00,48
101271907,31.4800,102.0700,2015-06-18 08:00:00,52
101290607,24.0700,105.0700,2015-06-18 08:00:00,24
101271810,31.8000,98.5800,2015-06-18 08:00:00,51
101271007,28.7800,105.3800,2015-06-18 08:00:00,32
101181602,33.3700,114.0300,2015-06-18 08:00:00,24
101281307,24.1800,113.4200,2015-06-18 08:00:00,111
101050701,50.4000,124.1200,2015-06-18 08:00:00,88
101181706,34.8000,111.2000,2015-06-18 08:00:00,0
101060601,45.6300,122.8300,2015-06-18 08:00:00,34
101271811,31.2200,98.8300,2015-06-18 08:00:00,69
101210907,28.9000,120.0300,2015-06-18 08:00:00,0
101090609,39.9700,117.0800,2015-06-18 08:00:00,124
101290902,23.5000,100.7000,2015-06-18 08:00:00,62
101240205,29.3300,115.7700,2015-06-18 08:00:00,28
101251102,29.4000,110.1600,2015-06-18 08:00:00,0
101270108,30.6000,103.5200,2015-06-18 08:00:00,55
101271708,30.3900,102.8200,2015-06-18 08:00:00,6
101181305,35.8500,115.4800,2015-06-18 08:00:00,73
101271605,27.4200,102.1800,2015-06-18 08:00:00,0
101240210,29.2700,116.2000,2015-06-18 08:00:00,0
101271110,28.3200,105.2300,2015-06-18 08:00:00,21
101210806,28.1100,119.5600,2015-06-18 08:00:00,0
101120204,36.4000,120.3800,2015-06-18 08:00:00,70
101270302,29.1800,104.9800,2015-06-18 08:00:00,43
101170203,38.8800,106.5500,2015-06-18 08:00:00,118
101180301,35.3200,113.8800,2015-06-18 08:00:00,57
101251207,26.1700,109.7800,2015-06-18 08:00:00,0
101060102,44.3800,125.1500,2015-06-18 08:00:00,7
101271612,28.0000,102.8500,2015-06-18 08:00:00,0
101060106,43.5500,125.6300,2015-06-18 08:00:00,31
101110806,33.1700,107.3300,2015-06-18 08:00:00,85
101080808,41.4000,106.4000,2015-06-18 08:00:00,138
101181301,35.7000,115.0200,2015-06-18 08:00:00,56
101280301,23.0700,114.3700,2015-06-18 08:00:00,97
101290204,25.4700,99.5200,2015-06-18 08:00:00,30
101300505,25.2300,110.1800,2015-06-18 08:00:00,0
101280800,22.8500,113.2500,2015-06-18 08:00:00,110
101091004,36.4500,114.6500,2015-06-18 08:00:00,90
101080907,42.7500,112.6300,2015-06-18 08:00:00,96
101270402,31.1000,105.0800,2015-06-18 08:00:00,55
101230605,24.4300,117.8300,2015-06-18 08:00:00,112
101090104,37.8800,114.6300,2015-06-18 08:00:00,116
101210306,30.5400,120.9000,2015-06-18 08:00:00,0
101040100,29.5800,106.4700,2015-06-18 08:00:00,11
101200910,30.4300,111.7500,2015-06-18 08:00:00,33
101271618,28.3300,103.1300,2015-06-18 08:00:00,0
101300206,22.6200,107.9200,2015-06-18 08:00:00,99
101091103,39.7300,119.2000,2015-06-18 08:00:00,137
101281701,22.5000,113.4000,2015-06-18 08:00:00,118
101220403,32.6500,117.0200,2015-06-18 08:00:00,0
101251103,29.4300,111.1300,2015-06-18 08:00:00,0
101050404,47.0000,130.7200,2015-06-18 08:00:00,95
101200702,29.7200,113.8800,2015-06-18 08:00:00,0
101251402,26.5900,111.8600,2015-06-18 08:00:00,0
101110209,35.2000,107.8000,2015-06-18 08:00:00,106
101272002,31.0300,104.6800,2015-06-18 08:00:00,7
101170403,35.6200,106.1200,2015-06-18 08:00:00,99
101120903,35.5300,118.4300,2015-06-18 08:00:00,43
101070202,39.6300,122.0200,2015-06-18 08:00:00,137
101250908,26.7300,110.6300,2015-06-18 08:00:00,0
101201006,29.9000,110.0300,2015-06-18 08:00:00,5
101050801,47.7000,128.8300,2015-06-18 08:00:00,87
101080301,39.8000,106.8000,2015-06-18 08:00:00,135
101310217,16.8300,112.3300,2015-06-18 08:00:00,116
101120402,37.2300,116.0700,2015-06-18 08:00:00,108
101221502,32.3700,116.3000,2015-06-18 08:00:00,52
101110408,37.7700,110.1800,2015-06-18 08:00:00,134
101181610,32.6200,114.3500,2015-06-18 08:00:00,0
101221005,29.9300,117.9300,2015-06-18 08:00:00,0
101271107,28.4300,104.5200,2015-06-18 08:00:00,10
101210412,29.8800,121.8300,2015-06-18 08:00:00,0
101300101,22.8000,108.4000,2015-06-18 08:00:00,100
101280208,24.0500,114.2000,2015-06-18 08:00:00,98
101060204,43.7000,127.3300,2015-06-18 08:00:00,77
101200601,30.2300,115.0300,2015-06-18 08:00:00,10
101110413,38.2700,109.7800,2015-06-18 08:00:00,140
101310212,19.6200,110.7500,2015-06-18 08:00:00,109
101250201,27.8800,112.8300,2015-06-18 08:00:00,0
101040500,29.2800,106.2500,2015-06-18 08:00:00,12
101250802,27.4500,112.1700,2015-06-18 08:00:00,0
101210802,28.6000,119.2800,2015-06-18 08:00:00,0
101181601,32.9400,113.9100,2015-06-18 08:00:00,0
101280204,24.3500,114.1200,2015-06-18 08:00:00,93
101170104,38.5700,106.3500,2015-06-18 08:00:00,132
101271003,29.1500,105.3700,2015-06-18 08:00:00,27
101290708,24.1800,102.4100,2015-06-18 08:00:00,70
101250700,28.5700,112.3800,2015-06-18 08:00:00,0
101290305,23.2200,102.8500,2015-06-18 08:00:00,98
101240708,26.3500,116.3500,2015-06-18 08:00:00,44
101280104,23.3300,113.8300,2015-06-18 08:00:00,114
101220704,33.4700,117.8700,2015-06-18 08:00:00,6
101200401,30.9000,113.9500,2015-06-18 08:00:00,116
101170303,37.8000,107.3800,2015-06-18 08:00:00,128
101240709,25.9000,116.0300,2015-06-18 08:00:00,14
101271702,30.0800,103.1200,2015-06-18 08:00:00,35
101291301,27.8300,99.7000,2015-06-18 08:00:00,78
101220601,30.6200,116.9700,2015-06-18 08:00:00,0
101201301,31.6200,113.3400,2015-06-18 08:00:00,82
101210601,28.6200,121.4200,2015-06-18 08:00:00,0
101050501,46.6200,126.9700,2015-06-18 08:00:00,120
101291508,24.4300,98.5800,2015-06-18 08:00:00,39
101230811,25.7000,117.8300,2015-06-18 08:00:00,56
101282002,21.9300,110.8500,2015-06-18 08:00:00,99
101070702,41.1300,121.3300,2015-06-18 08:00:00,125
101210106,30.1900,120.2900,2015-06-18 08:00:00,0
101240905,27.6300,113.8500,2015-06-18 08:00:00,0
101090410,41.9700,117.7700,2015-06-18 08:00:00,93
101081007,49.3200,119.4300,2015-06-18 08:00:00,61
101281904,23.0300,116.3000,2015-06-18 08:00:00,119
101251502,28.7000,109.6500,2015-06-18 08:00:00,0
101271807,30.9800,101.1200,2015-06-18 08:00:00,69
101090603,39.3000,116.4800,2015-06-18 08:00:00,118
101281801,21.8400,111.9700,2015-06-18 08:00:00,113
101210108,30.0500,119.9500,2015-06-18 08:00:00,0
101090806,38.2300,115.5900,2015-06-18 08:00:00,134
101180306,35.1500,114.1800,2015-06-18 08:00:00,46
101090215,38.4800,115.5700,2015-06-18 08:00:00,120
101181003,34.4300,115.1000,2015-06-18 08:00:00,0
101060602,45.3300,122.8200,2015-06-18 08:00:00,20
101081016,50.4800,121.6800,2015-06-18 08:00:00,112
101120407,37.7700,117.3800,2015-06-18 08:00:00,126
101041300,30.7700,108.4000,2015-06-18 08:00:00,37
101290301,23.3700,102.4300,2015-06-18 08:00:00,61
101090506,39.4300,118.8800,2015-06-18 08:00:00,120
101200606,30.2300,115.0300,2015-06-18 08:00:00,10
101050708,50.4000,124.1200,2015-06-18 08:00:00,88
101170101,38.4700,106.2000,2015-06-18 08:00:00,132
101221107,32.6800,119.0200,2015-06-18 08:00:00,74
101121601,36.2300,117.6800,2015-06-18 08:00:00,63
101310215,18.8000,110.3300,2015-06-18 08:00:00,102
101050210,46.4000,123.4500,2015-06-18 08:00:00,11
101090914,37.0800,115.6700,2015-06-18 08:00:00,114
101080801,40.7300,107.3700,2015-06-18 08:00:00,139
101070203,39.0500,121.7500,2015-06-18 08:00:00,123
101230308,27.3300,120.2000,2015-06-18 08:00:00,11
101110809,32.8300,106.2500,2015-06-18 08:00:00,95
101290504,24.7300,99.1800,2015-06-18 08:00:00,32
101120902,35.1700,118.8200,2015-06-18 08:00:00,0
101070103,41.5200,122.7200,2015-06-18 08:00:00,95
101290308,23.3800,103.1500,2015-06-18 08:00:00,95
101220304,30.9000,118.3200,2015-06-18 08:00:00,0
101090102,38.0300,114.1300,2015-06-18 08:00:00,90
101290103,26.1000,103.1700,2015-06-18 08:00:00,15
101240212,29.0300,114.5800,2015-06-18 08:00:00,0
101042000,31.0800,109.8600,2015-06-18 08:00:00,48
101060906,41.9300,126.4300,2015-06-18 08:00:00,78
101221503,32.4300,116.7800,2015-06-18 08:00:00,0
101191001,34.5500,119.2300,2015-06-18 08:00:00,61
101050403,48.3700,134.2800,2015-06-18 08:00:00,6
101270804,30.3300,106.9300,2015-06-18 08:00:00,45
101300513,24.5000,110.4000,2015-06-18 08:00:00,79
101080403,41.9000,114.0000,2015-06-18 08:00:00,101
101251508,28.5800,109.4500,2015-06-18 08:00:00,0
101181106,35.1500,113.0800,2015-06-18 08:00:00,0
101081008,48.2200,118.2700,2015-06-18 08:00:00,29
101081010,49.5800,117.3200,2015-06-18 08:00:00,31
101240201,29.6700,116.0200,2015-06-18 08:00:00,0
101250401,26.8900,112.6000,2015-06-18 08:00:00,0
101180507,33.7500,112.8800,2015-06-18 08:00:00,0
101110211,34.2800,108.4500,2015-06-18 08:00:00,74
101271303,30.2800,105.0300,2015-06-18 08:00:00,30
101250302,27.0000,113.3500,2015-06-18 08:00:00,0
101091101,39.8500,119.5200,2015-06-18 08:00:00,129
101090902,37.4500,114.4800,2015-06-18 08:00:00,115
101041700,30.9500,108.6800,2015-06-18 08:00:00,9
101180503,33.8800,113.0500,2015-06-18 08:00:00,9
101180107,34.7200,113.9700,2015-06-18 08:00:00,0
101270904,31.5800,107.0800,2015-06-18 08:00:00,57
101281301,23.7200,113.0800,2015-06-18 08:00:00,119
101270502,31.3500,106.0700,2015-06-18 08:00:00,62
101250407,26.7500,112.6800,2015-06-18 08:00:00,0
101240706,25.4000,114.9300,2015-06-18 08:00:00,82
101240613,26.7500,114.2800,2015-06-18 08:00:00,0
101300302,24.6500,109.2500,2015-06-18 08:00:00,9
101230907,27.3300,118.1200,2015-06-18 08:00:00,3
101191201,32.5600,119.9900,2015-06-18 08:00:00,79
101280101,23.2200,113.4800,2015-06-18 08:00:00,108
101181008,34.2500,116.1300,2015-06-18 08:00:00,0
101181606,32.7000,113.3000,2015-06-18 08:00:00,41
101300602,23.3700,110.9000,2015-06-18 08:00:00,106
101110510,35.4700,110.4500,2015-06-18 08:00:00,105
101090908,37.6200,114.8900,2015-06-18 08:00:00,111
101121002,35.5800,115.5200,2015-06-18 08:00:00,45
101271803,29.9200,102.2300,2015-06-18 08:00:00,11
101110910,33.9300,106.5500,2015-06-18 08:00:00,57
101042200,30.3300,107.3300,2015-06-18 08:00:00,49
101240409,27.2200,116.5300,2015-06-18 08:00:00,0
101290408,26.4000,103.2500,2015-06-18 08:00:00,0
101201201,31.7500,110.6700,2015-06-18 08:00:00,50
101290101,25.0000,102.6500,2015-06-18 08:00:00,55
101121303,37.1700,122.4800,2015-06-18 08:00:00,74
101281303,24.8000,112.3700,2015-06-18 08:00:00,95
101120302,36.6300,117.9500,2015-06-18 08:00:00,83
101091015,36.7700,114.9500,2015-06-18 08:00:00,92
101271004,28.8200,105.8300,2015-06-18 08:00:00,30
101091013,36.5500,115.2800,2015-06-18 08:00:00,97
101060701,42.9200,125.0800,2015-06-18 08:00:00,7
101091012,36.4800,114.9700,2015-06-18 08:00:00,107
101280401,24.2800,116.0700,2015-06-18 08:00:00,109
101190603,32.3000,119.1600,2015-06-18 08:00:00,109
101120905,34.9500,118.6500,2015-06-18 08:00:00,0
101181102,35.2300,113.4700,2015-06-18 08:00:00,71
101180710,32.6800,112.8500,2015-06-18 08:00:00,6
101190605,32.4500,119.5900,2015-06-18 08:00:00,79
101270106,30.5800,103.9200,2015-06-18 08:00:00,32
101210107,30.2200,119.7000,2015-06-18 08:00:00,0
101050406,47.6700,132.5300,2015-06-18 08:00:00,46
101071101,42.3000,123.8700,2015-06-18 08:00:00,0
101291002,27.1900,103.5600,2015-06-18 08:00:00,0
101090810,37.5200,115.5700,2015-06-18 08:00:00,122
101090509,39.2900,118.4700,2015-06-18 08:00:00,132
101181006,34.0700,115.3000,2015-06-18 08:00:00,0
101290601,23.3300,104.2800,2015-06-18 08:00:00,69
101090708,37.6300,116.4000,2015-06-18 08:00:00,122
101050106,46.3000,129.5800,2015-06-18 08:00:00,123
101071303,41.2800,121.9500,2015-06-18 08:00:00,126
101281802,22.1700,111.7800,2015-06-18 08:00:00,108
101210612,28.8700,121.2000,2015-06-18 08:00:00,0
101060103,44.5300,125.6500,2015-06-18 08:00:00,19
101111101,34.2800,108.0700,2015-06-18 08:00:00,71
101042600,29.7000,105.7000,2015-06-18 08:00:00,21
101181607,32.9700,114.6300,2015-06-18 08:00:00,0
101240801,29.3000,117.2000,2015-06-18 08:00:00,0
101240310,28.4200,117.6000,2015-06-18 08:00:00,0
101091001,36.6200,114.4700,2015-06-18 08:00:00,106
101271913,32.8000,102.5500,2015-06-18 08:00:00,5
101200912,30.7700,111.3200,2015-06-18 08:00:00,103
101121007,34.8500,115.5800,2015-06-18 08:00:00,0
101291507,24.8200,98.3000,2015-06-18 08:00:00,63
101070801,40.6500,122.1700,2015-06-18 08:00:00,119
101281406,22.9300,112.0500,2015-06-18 08:00:00,113
101251203,28.4700,110.4000,2015-06-18 08:00:00,0
101270113,30.4500,103.4300,2015-06-18 08:00:00,25
101110605,33.4300,109.1500,2015-06-18 08:00:00,36
101200505,30.7400,115.6800,2015-06-18 08:00:00,83
101121106,37.6900,118.1400,2015-06-18 08:00:00,120
101310206,19.2700,109.0500,2015-06-18 08:00:00,104
101181404,33.7300,114.8500,2015-06-18 08:00:00,0
101081207,39.4300,106.6500,2015-06-18 08:00:00,135
101291009,28.1000,104.2300,2015-06-18 08:00:00,0
101250406,26.4100,112.3900,2015-06-18 08:00:00,0
101271005,28.1700,105.4300,2015-06-18 08:00:00,16
101270703,30.8700,105.3700,2015-06-18 08:00:00,59
101090905,37.5200,114.6700,2015-06-18 08:00:00,114
101210903,29.2200,119.4700,2015-06-18 08:00:00,0
101120710,35.6000,116.9700,2015-06-18 08:00:00,72
101220705,34.1800,116.9700,2015-06-18 08:00:00,10
101220602,30.7200,117.2300,2015-06-18 08:00:00,36
101090909,37.2400,115.0000,2015-06-18 08:00:00,108
101050505,47.1800,125.9000,2015-06-18 08:00:00,101
101180104,34.4700,113.0200,2015-06-18 08:00:00,0
101240608,26.5800,114.1700,2015-06-18 08:00:00,0
101271101,28.8000,104.6000,2015-06-18 08:00:00,25
101221402,30.6800,118.4000,2015-06-18 08:00:00,0
101271204,29.7700,104.8500,2015-06-18 08:00:00,8
101181704,34.0800,111.0700,2015-06-18 08:00:00,15
101240701,25.8700,115.0000,2015-06-18 08:00:00,95
101120705,35.5700,116.8500,2015-06-18 08:00:00,0
101281001,21.1500,110.3000,2015-06-18 08:00:00,99
101081011,49.2800,120.7000,2015-06-18 08:00:00,101
101210705,27.7800,120.6500,2015-06-18 08:00:00,0
101290409,26.2200,104.0800,2015-06-18 08:00:00,0
101271706,30.0700,102.7700,2015-06-18 08:00:00,35
101090314,40.9500,115.2700,2015-06-18 08:00:00,107
101201404,31.0000,112.2200,2015-06-18 08:00:00,74
101120904,34.8800,118.0200,2015-06-18 08:00:00,37
101300106,23.7200,108.1700,2015-06-18 08:00:00,8
101250103,28.1600,113.6300,2015-06-18 08:00:00,0
101300604,23.4200,111.2300,2015-06-18 08:00:00,117
101120510,36.9700,120.7300,2015-06-18 08:00:00,65
101060303,43.1200,128.9200,2015-06-18 08:00:00,22
101251003,28.6900,112.8900,2015-06-18 08:00:00,0
101041000,29.8300,107.0700,2015-06-18 08:00:00,6
101270601,31.2100,107.5100,2015-06-18 08:00:00,49
101090505,39.5100,118.6200,2015-06-18 08:00:00,120
101300403,24.1300,110.1800,2015-06-18 08:00:00,50
101170401,36.0000,106.2700,2015-06-18 08:00:00,123
101090402,40.9700,117.9200,2015-06-18 08:00:00,113
101230507,24.9000,118.9200,2015-06-18 08:00:00,92
101120306,36.1800,118.1700,2015-06-18 08:00:00,35
101210101,30.2300,120.1700,2015-06-18 08:00:00,0
101210204,30.5300,119.9800,2015-06-18 08:00:00,0
101090105,38.4200,114.5500,2015-06-18 08:00:00,122
101251104,29.1300,110.4700,2015-06-18 08:00:00,0
101270104,30.7500,103.8600,2015-06-18 08:00:00,36
101290105,24.6500,102.6000,2015-06-18 08:00:00,69
101121703,36.1500,115.7700,2015-06-18 08:00:00,65
101271912,33.5800,102.9700,2015-06-18 08:00:00,0
101271203,29.5200,104.6700,2015-06-18 08:00:00,20
101282102,22.9700,115.3200,2015-06-18 08:00:00,112
101290302,23.7000,102.4800,2015-06-18 08:00:00,65
101210405,29.6900,121.3900,2015-06-18 08:00:00,0
101190402,31.6500,120.7700,2015-06-18 08:00:00,7
101210803,28.0800,119.1300,2015-06-18 08:00:00,4
101270109,30.1800,103.5000,2015-06-18 08:00:00,40
101121107,36.8700,117.7300,2015-06-18 08:00:00,101
101090809,37.8700,116.1700,2015-06-18 08:00:00,123
101290606,24.0500,104.1700,2015-06-18 08:00:00,30
101300902,22.3000,109.9800,2015-06-18 08:00:00,89
101110103,34.4000,109.2300,2015-06-18 08:00:00,79
101282003,21.6500,110.6200,2015-06-18 08:00:00,86
101190403,31.8600,120.5700,2015-06-18 08:00:00,60
101251401,26.2300,111.6200,2015-06-18 08:00:00,0
101090913,37.0000,115.2500,2015-06-18 08:00:00,118
101220203,33.3300,117.3500,2015-06-18 08:00:00,0
101181408,33.6500,115.1700,2015-06-18 08:00:00,27
101110206,34.3100,108.2400,2015-06-18 08:00:00,61
101180907,34.1300,112.0700,2015-06-18 08:00:00,0
101110104,34.1700,109.3200,2015-06-18 08:00:00,66
101291404,27.2600,100.8600,2015-06-18 08:00:00,66
101060804,44.2500,123.9700,2015-06-18 08:00:00,42
101010300,39.8000,116.4700,2015-06-18 08:00:00,114
101280202,24.7800,113.2900,2015-06-18 08:00:00,110
101240312,28.6800,118.2500,2015-06-18 08:00:00,0
101120104,36.6800,117.5500,2015-06-18 08:00:00,98
101042300,30.6800,107.8000,2015-06-18 08:00:00,43
101280205,25.1000,113.3300,2015-06-18 08:00:00,64
101201003,30.6000,109.7200,2015-06-18 08:00:00,0
101121306,36.9300,122.4800,2015-06-18 08:00:00,46
101191003,34.8600,119.1300,2015-06-18 08:00:00,72
101281105,22.2700,112.2300,2015-06-18 08:00:00,126
101291504,24.7000,97.9500,2015-06-18 08:00:00,53
101190705,33.7500,120.3000,2015-06-18 08:00:00,108
101281005,21.6300,110.3000,2015-06-18 08:00:00,109
101281206,23.8000,114.7300,2015-06-18 08:00:00,104
101290808,25.1100,102.1000,2015-06-18 08:00:00,51
101240705,25.4000,114.3500,2015-06-18 08:00:00,114
101121203,37.5800,118.5500,2015-06-18 08:00:00,118
101190902,32.9800,118.9700,2015-06-18 08:00:00,109
101121502,35.7500,119.2000,2015-06-18 08:00:00,59
101281901,23.5900,116.4000,2015-06-18 08:00:00,112
101121705,36.5300,116.2500,2015-06-18 08:00:00,101
101270105,30.8500,104.4300,2015-06-18 08:00:00,23
101221702,30.1000,117.0200,2015-06-18 08:00:00,0
101190703,34.0200,119.8000,2015-06-18 08:00:00,48
101070704,41.5200,121.2500,2015-06-18 08:00:00,129
101271619,27.7200,102.8000,2015-06-18 08:00:00,0
101071105,42.3000,123.8700,2015-06-18 08:00:00,0
101281007,21.4000,110.2500,2015-06-18 08:00:00,102
101290701,24.3300,102.5500,2015-06-18 08:00:00,40
101190706,33.4700,119.7700,2015-06-18 08:00:00,78
101121704,36.8700,116.2700,2015-06-18 08:00:00,99
101240208,29.9000,116.5500,2015-06-18 08:00:00,0
101120401,37.4500,116.3300,2015-06-18 08:00:00,110
101050107,46.0800,127.3500,2015-06-18 08:00:00,137
101301102,22.2700,109.5500,2015-06-18 08:00:00,91
101070101,41.7300,123.5200,2015-06-18 08:00:00,49
101050103,46.0800,126.7700,2015-06-18 08:00:00,127
101290203,25.6800,99.9500,2015-06-18 08:00:00,64
101250602,29.4000,112.1700,2015-06-18 08:00:00,0
101281501,23.6700,116.7000,2015-06-18 08:00:00,105
101271608,27.0700,102.7500,2015-06-18 08:00:00,0
101110701,32.7200,109.0300,2015-06-18 08:00:00,70
101181702,34.5400,110.8600,2015-06-18 08:00:00,0
101220503,31.7500,118.0800,2015-06-18 08:00:00,11
101090907,37.0200,114.6800,2015-06-18 08:00:00,117
101051303,46.3900,132.1700,2015-06-18 08:00:00,114
101110505,35.1800,109.5800,2015-06-18 08:00:00,12
101280802,23.1800,112.8700,2015-06-18 08:00:00,122
101110909,34.0300,107.3200,2015-06-18 08:00:00,52
101090811,38.0000,115.5500,2015-06-18 08:00:00,124
101290803,25.7300,101.8700,2015-06-18 08:00:00,70
101281804,21.8400,111.9700,2015-06-18 08:00:00,113
101190102,31.6600,119.0300,2015-06-18 08:00:00,91
101050101,45.9300,126.5700,2015-06-18 08:00:00,126
101280304,22.9700,114.7300,2015-06-18 08:00:00,103
101210606,28.8700,120.7200,2015-06-18 08:00:00,0
101240401,28.0000,116.3700,2015-06-18 08:00:00,0
101170502,37.4800,105.6800,2015-06-18 08:00:00,129
101070105,42.5000,123.4000,2015-06-18 08:00:00,22
101121005,35.0800,115.5200,2015-06-18 08:00:00,0
101090911,37.0700,115.1500,2015-06-18 08:00:00,117
101060101,43.9000,125.2200,2015-06-18 08:00:00,54
101200510,30.5200,114.9400,2015-06-18 08:00:00,0
101191101,31.8800,119.9800,2015-06-18 08:00:00,72
101300510,24.7700,110.5000,2015-06-18 08:00:00,84
101271401,29.5600,103.7600,2015-06-18 08:00:00,16
101190107,32.0700,118.5900,2015-06-18 08:00:00,67
101250502,25.7500,112.7200,2015-06-18 08:00:00,68
101180101,34.7200,113.6500,2015-06-18 08:00:00,12
101280502,23.2700,116.5800,2015-06-18 08:00:00,112
101301010,24.7800,106.5500,2015-06-18 08:00:00,0
101271703,29.7800,102.8500,2015-06-18 08:00:00,22
101301402,22.1800,108.0100,2015-06-18 08:00:00,109
101240101,28.6000,115.9200,2015-06-18 08:00:00,0
101050203,47.3000,123.2400,2015-06-18 08:00:00,2
101090209,39.3700,114.6800,2015-06-18 08:00:00,122
101270607,31.2100,107.5100,2015-06-18 08:00:00,49
101201107,32.5700,111.5200,2015-06-18 08:00:00,64
101170102,38.2800,106.2500,2015-06-18 08:00:00,135
101111004,34.9300,108.9800,2015-06-18 08:00:00,51
101291302,28.4800,98.9200,2015-06-18 08:00:00,81
101200806,29.8100,113.4500,2015-06-18 08:00:00,0
101271108,28.3800,104.7800,2015-06-18 08:00:00,15
101220302,31.0800,118.1800,2015-06-18 08:00:00,47
101090508,39.8800,117.7300,2015-06-18 08:00:00,125
101240302,29.0000,116.6800,2015-06-18 08:00:00,0
101071404,40.6200,120.6500,2015-06-18 08:00:00,121
101210611,28.8700,121.2000,2015-06-18 08:00:00,0
101080709,39.8100,108.7100,2015-06-18 08:00:00,133
101120701,35.4300,116.6000,2015-06-18 08:00:00,36
101090608,39.1700,116.3900,2015-06-18 08:00:00,127
101210804,28.6700,120.0800,2015-06-18 08:00:00,0
101271817,29.0500,100.3000,2015-06-18 08:00:00,62
101170302,36.9700,105.9000,2015-06-18 08:00:00,133
101240501,27.8000,114.3800,2015-06-18 08:00:00,0
101210503,30.0500,120.8200,2015-06-18 08:00:00,0
101040900,29.3300,106.5000,2015-06-18 08:00:00,2
101290212,25.0400,100.5300,2015-06-18 08:00:00,69
101270303,29.4500,104.4300,2015-06-18 08:00:00,42
101080903,43.6200,111.9300,2015-06-18 08:00:00,96
101190805,34.3900,118.0200,2015-06-18 08:00:00,0
101090107,37.6300,114.6100,2015-06-18 08:00:00,102
101190702,34.2000,119.6000,2015-06-18 08:00:00,86
101191002,34.5400,118.7100,2015-06-18 08:00:00,13
101120301,36.8200,117.9300,2015-06-18 08:00:00,98
101090308,40.1000,114.1500,2015-06-18 08:00:00,102
101290709,23.6000,101.9800,2015-06-18 08:00:00,84
101291103,23.5500,99.4000,2015-06-18 08:00:00,53
101290406,24.8200,103.9800,2015-06-18 08:00:00,22
101080404,41.6000,113.5400,2015-06-18 08:00:00,100
101060503,42.2500,125.7300,2015-06-18 08:00:00,0
101270103,30.7800,104.1800,2015-06-18 08:00:00,34
101230307,27.2300,119.8800,2015-06-18 08:00:00,23
101280702,22.2300,113.3000,2015-06-18 08:00:00,122
101230103,26.1500,119.1500,2015-06-18 08:00:00,72
101241101,28.3100,117.0600,2015-06-18 08:00:00,0
101250806,27.6900,111.7000,2015-06-18 08:00:00,0
101041400,29.7400,107.2700,2015-06-18 08:00:00,4
101050207,47.6200,126.0700,2015-06-18 08:00:00,126
101220106,31.2700,117.2800,2015-06-18 08:00:00,50
101272101,32.4200,105.9000,2015-06-18 08:00:00,61
101271812,32.9800,98.1000,2015-06-18 08:00:00,59
101270408,31.8000,104.7300,2015-06-18 08:00:00,50
101110801,33.0700,107.0300,2015-06-18 08:00:00,77
101211005,28.7200,118.6000,2015-06-18 08:00:00,0
101230902,26.8000,117.8000,2015-06-18 08:00:00,36
101170404,35.5000,106.3200,2015-06-18 08:00:00,112
101070901,42.0700,121.7500,2015-06-18 08:00:00,116
101240713,24.7500,114.5200,2015-06-18 08:00:00,92
101280804,23.1500,113.0200,2015-06-18 08:00:00,116
101070206,39.2700,122.5800,2015-06-18 08:00:00,111
101081203,41.9500,101.0700,2015-06-18 08:00:00,124
101301004,23.3300,106.6300,2015-06-18 08:00:00,10
101080914,42.2300,116.0000,2015-06-18 08:00:00,101
101200909,30.3800,111.4500,2015-06-18 08:00:00,37
101210703,27.7800,120.0800,2015-06-18 08:00:00,0
101181005,34.3800,115.8800,2015-06-18 08:00:00,0
101300402,24.0700,108.6500,2015-06-18 08:00:00,33
101230603,24.5200,117.3800,2015-06-18 08:00:00,105
101051002,45.7700,131.0200,2015-06-18 08:00:00,132
101180704,33.0700,112.9300,2015-06-18 08:00:00,36
101121006,35.4200,116.0800,2015-06-18 08:00:00,0
101060202,44.3800,126.9300,2015-06-18 08:00:00,70
101250202,27.9300,112.5300,2015-06-18 08:00:00,0
101240901,27.6300,113.8500,2015-06-18 08:00:00,0
101220101,31.7800,117.3000,2015-06-18 08:00:00,48
101291105,24.5800,99.9300,2015-06-18 08:00:00,64
101290201,25.7000,100.1800,2015-06-18 08:00:00,79
101091016,36.6700,114.1000,2015-06-18 08:00:00,80
101310209,19.6700,110.3400,2015-06-18 08:00:00,118
101250905,27.2300,111.7300,2015-06-18 08:00:00,0
101290908,22.3200,99.6000,2015-06-18 08:00:00,39
101081206,37.8800,105.4000,2015-06-18 08:00:00,122
101090602,39.4200,116.2800,2015-06-18 08:00:00,128
101080913,42.3000,115.0000,2015-06-18 08:00:00,118
101250306,26.4800,113.8000,2015-06-18 08:00:00,35
101301202,24.9700,107.1800,2015-06-18 08:00:00,8
101090101,38.0700,114.3600,2015-06-18 08:00:00,97
101270501,30.7800,106.1000,2015-06-18 08:00:00,71
101270802,30.5200,106.4500,2015-06-18 08:00:00,63
101090106,38.3000,114.3800,2015-06-18 08:00:00,123
101251505,27.9500,109.6000,2015-06-18 08:00:00,1
101240607,26.9300,114.2500,2015-06-18 08:00:00,0
101050705,52.0300,123.5700,2015-06-18 08:00:00,134
101181410,33.4000,115.0700,2015-06-18 08:00:00,0
101290405,25.4200,103.5500,2015-06-18 08:00:00,38
101291506,24.0000,97.8500,2015-06-18 08:00:00,9
101191203,32.1600,120.0500,2015-06-18 08:00:00,91
101291303,27.1700,99.2800,2015-06-18 08:00:00,52
101240313,28.4300,118.2000,2015-06-18 08:00:00,0
101200604,30.2300,115.0300,2015-06-18 08:00:00,10
101041500,31.1800,108.4200,2015-06-18 08:00:00,34
101090808,37.7000,116.2800,2015-06-18 08:00:00,120
101121702,36.4500,115.4700,2015-06-18 08:00:00,120
101230604,24.3800,117.3000,2015-06-18 08:00:00,113
101180711,32.7000,112.1200,2015-06-18 08:00:00,22
101250910,27.0000,111.2800,2015-06-18 08:00:00,0
101221202,33.9300,116.7500,2015-06-18 08:00:00,46
101191104,31.8800,119.9800,2015-06-18 08:00:00,72
101080410,41.4500,113.1800,2015-06-18 08:00:00,103
101110203,34.7000,108.1500,2015-06-18 08:00:00,58
101280203,24.9500,114.0700,2015-06-18 08:00:00,75
101190704,33.8000,119.8500,2015-06-18 08:00:00,88
101271805,29.0000,101.5000,2015-06-18 08:00:00,72
101060802,45.0000,124.0200,2015-06-18 08:00:00,17
101271903,31.4300,103.1700,2015-06-18 08:00:00,0
101090218,39.4800,116.0300,2015-06-18 08:00:00,123
101090219,38.5500,115.0200,2015-06-18 08:00:00,129
101250405,26.9800,112.3700,2015-06-18 08:00:00,0
101290208,25.2700,100.2800,2015-06-18 08:00:00,60
101120408,37.1500,116.4700,2015-06-18 08:00:00,112
101050202,48.4800,124.8500,2015-06-18 08:00:00,21
101060302,43.3700,128.2000,2015-06-18 08:00:00,94
101110404,38.0300,110.4800,2015-06-18 08:00:00,125
101290706,24.0700,101.9700,2015-06-18 08:00:00,101
101121403,34.7500,117.5700,2015-06-18 08:00:00,0
101190503,32.3700,120.5700,2015-06-18 08:00:00,74
101210801,28.4600,119.9300,2015-06-18 08:00:00,0
101291205,25.8700,98.8500,2015-06-18 08:00:00,27
101301303,21.0300,109.1000,2015-06-18 08:00:00,111
101070201,38.9000,121.6300,2015-06-18 08:00:00,109
101271704,29.3300,102.6300,2015-06-18 08:00:00,0
101271606,26.6500,102.2500,2015-06-18 08:00:00,49
101210304,30.6300,120.5200,2015-06-18 08:00:00,0
101221407,31.1700,119.1800,2015-06-18 08:00:00,25
101301211,24.1300,107.2500,2015-06-18 08:00:00,53
101081205,39.7800,105.7500,2015-06-18 08:00:00,134
101230303,26.8800,120.0200,2015-06-18 08:00:00,15
101090306,41.1000,113.9800,2015-06-18 08:00:00,97
101290501,25.1200,99.1800,2015-06-18 08:00:00,41
101240715,24.7800,115.0300,2015-06-18 08:00:00,94
101251101,29.1300,110.4700,2015-06-18 08:00:00,0
101220802,32.6700,115.5700,2015-06-18 08:00:00,0
101200501,30.5200,114.9400,2015-06-18 08:00:00,0
101180508,33.8800,113.0500,2015-06-18 08:00:00,9
101110904,34.6800,107.7800,2015-06-18 08:00:00,83
101180605,31.6300,114.8500,2015-06-18 08:00:00,0
101221506,31.4000,116.3200,2015-06-18 08:00:00,68
101120805,35.9300,116.4000,2015-06-18 08:00:00,48
101240102,28.7000,115.8300,2015-06-18 08:00:00,0
101250101,28.1100,112.7900,2015-06-18 08:00:00,0
101230804,26.9000,117.1700,2015-06-18 08:00:00,32
101170103,38.1200,106.3000,2015-06-18 08:00:00,138
101080614,42.2900,119.9400,2015-06-18 08:00:00,110
101071203,41.2300,119.3500,2015-06-18 08:00:00,106
101281404,23.2600,111.5400,2015-06-18 08:00:00,120
101281304,24.5700,112.1500,2015-06-18 08:00:00,107
101060905,41.4200,128.1800,2015-06-18 08:00:00,127
101240707,26.4800,116.0100,2015-06-18 08:00:00,34
101281402,22.7000,111.6000,2015-06-18 08:00:00,116
101110802,33.3200,106.1500,2015-06-18 08:00:00,90
101220301,31.3800,118.3700,2015-06-18 08:00:00,57
101220401,32.6500,117.0200,2015-06-18 08:00:00,0
101042700,29.4200,105.5800,2015-06-18 08:00:00,12
101110412,37.1200,110.1200,2015-06-18 08:00:00,130
101291104,23.4700,99.8000,2015-06-18 08:00:00,30
101090604,39.7700,116.9800,2015-06-18 08:00:00,121
101090203,38.8500,114.1800,2015-06-18 08:00:00,136
101090222,39.4800,116.0300,2015-06-18 08:00:00,123
101110508,35.1800,109.9200,2015-06-18 08:00:00,54
101120806,35.7500,116.8200,2015-06-18 08:00:00,87
101041800,31.4000,109.6200,2015-06-18 08:00:00,35
101091008,36.5500,114.8000,2015-06-18 08:00:00,101
101310202,19.1000,108.6200,2015-06-18 08:00:00,122
101201405,31.0000,112.2200,2015-06-18 08:00:00,74
101301002,23.4200,105.8300,2015-06-18 08:00:00,17
101251403,26.4000,111.2800,2015-06-18 08:00:00,0
101110503,34.5500,110.2300,2015-06-18 08:00:00,90
101080101,40.8500,111.5700,2015-06-18 08:00:00,135
101290403,24.9800,103.6200,2015-06-18 08:00:00,49
101200704,29.5300,114.0300,2015-06-18 08:00:00,0
101270112,30.9800,103.9300,2015-06-18 08:00:00,54
101230807,26.4000,117.1500,2015-06-18 08:00:00,57
101110606,33.7000,110.3300,2015-06-18 08:00:00,0
101230504,25.3300,118.2700,2015-06-18 08:00:00,72
101181705,34.7700,111.7700,2015-06-18 08:00:00,0
101080909,45.5200,116.9700,2015-06-18 08:00:00,0
101110912,34.3700,107.4000,2015-06-18 08:00:00,101
101180404,34.2700,113.7300,2015-06-18 08:00:00,0
101250503,25.5800,112.3700,2015-06-18 08:00:00,29
101070303,40.3400,123.2800,2015-06-18 08:00:00,0
101060605,44.8000,123.0700,2015-06-18 08:00:00,39
101050305,44.3900,131.1800,2015-06-18 08:00:00,97
101271302,30.1200,105.3500,2015-06-18 08:00:00,41
101221201,33.9800,116.8300,2015-06-18 08:00:00,0
101220902,33.4800,116.1800,2015-06-18 08:00:00,0
101290909,22.6300,99.6000,2015-06-18 08:00:00,28
101221705,30.2200,117.5000,2015-06-18 08:00:00,3
101310101,20.0000,110.2500,2015-06-18 08:00:00,125
101190504,32.3300,121.1800,2015-06-18 08:00:00,31
101251409,25.9200,112.2000,2015-06-18 08:00:00,41
101200402,31.2700,113.7100,2015-06-18 08:00:00,103
101210704,27.6700,120.5700,2015-06-18 08:00:00,0
101181203,35.6100,114.2300,2015-06-18 08:00:00,71
101301204,24.1300,107.2500,2015-06-18 08:00:00,53
101271601,27.9000,102.2700,2015-06-18 08:00:00,0
101251503,29.0000,109.8300,2015-06-18 08:00:00,0
101110106,34.1300,108.5800,2015-06-18 08:00:00,109
101210505,29.6000,120.8200,2015-06-18 08:00:00,0
101281201,23.8000,114.7300,2015-06-18 08:00:00,104
101071402,40.8000,119.8200,2015-06-18 08:00:00,112
101271604,27.4300,101.5200,2015-06-18 08:00:00,58
101210104,29.6200,119.0200,2015-06-18 08:00:00,0
101271613,28.3000,102.4300,2015-06-18 08:00:00,0
101181608,32.7300,114.9800,2015-06-18 08:00:00,8
101181603,33.1300,113.9500,2015-06-18 08:00:00,27
101110311,35.6000,109.8200,2015-06-18 08:00:00,90
101110906,34.5200,107.3800,2015-06-18 08:00:00,62
101300501,25.3200,110.3000,2015-06-18 08:00:00,0
101090904,37.2800,114.5200,2015-06-18 08:00:00,112
101050508,46.6800,126.0800,2015-06-18 08:00:00,134
101120605,36.6800,118.8400,2015-06-18 08:00:00,110
101210607,28.3700,121.3700,2015-06-18 08:00:00,0
101291402,26.6800,100.7500,2015-06-18 08:00:00,52
101190903,32.9800,118.5200,2015-06-18 08:00:00,70
101240609,26.4700,114.7800,2015-06-18 08:00:00,25
101200101,30.6000,114.0500,2015-06-18 08:00:00,58
101301301,21.4500,109.1300,2015-06-18 08:00:00,111
101301210,23.9300,108.1000,2015-06-18 08:00:00,15
101300107,23.4300,108.6200,2015-06-18 08:00:00,89
101091011,36.9200,114.8700,2015-06-18 08:00:00,54
101060104,44.1200,125.8000,2015-06-18 08:00:00,37
101300507,25.4200,110.3200,2015-06-18 08:00:00,0
101280409,24.2800,116.0700,2015-06-18 08:00:00,109
101080506,43.6000,121.2800,2015-06-18 08:00:00,52
101120504,37.8000,120.7700,2015-06-18 08:00:00,119
101250704,28.3800,111.2200,2015-06-18 08:00:00,0
101280901,23.0300,112.4500,2015-06-18 08:00:00,110
101281205,24.1200,115.2800,2015-06-18 08:00:00,107
101210902,29.4700,119.8800,2015-06-18 08:00:00,0
101300605,24.2000,110.5200,2015-06-18 08:00:00,61
101110208,35.0200,108.1100,2015-06-18 08:00:00,94
101200705,29.2700,113.8700,2015-06-18 08:00:00,0
101190908,33.5000,119.1500,2015-06-18 08:00:00,65
101120910,35.7700,118.6500,2015-06-18 08:00:00,61
101270903,32.3500,106.8300,2015-06-18 08:00:00,82
101060402,43.5000,123.5300,2015-06-18 08:00:00,74
101090705,38.0300,117.2300,2015-06-18 08:00:00,134
101250605,29.6700,111.7300,2015-06-18 08:00:00,0
101110603,33.6700,109.1200,2015-06-18 08:00:00,0
101271104,28.8500,104.9700,2015-06-18 08:00:00,33
101060205,42.9600,126.0800,2015-06-18 08:00:00,40
101090915,36.8500,115.4800,2015-06-18 08:00:00,99
101200208,32.1500,112.7500,2015-06-18 08:00:00,51
101210102,30.1900,120.2900,2015-06-18 08:00:00,0
101050504,47.4500,126.8700,2015-06-18 08:00:00,120
101180905,34.4000,111.6700,2015-06-18 08:00:00,0
101291601,22.0000,100.7800,2015-06-18 08:00:00,83
101290804,25.5300,101.2300,2015-06-18 08:00:00,53
101230406,25.4500,119.0000,2015-06-18 08:00:00,86
101191004,34.2600,119.2400,2015-06-18 08:00:00,95
101071102,42.5300,124.0500,2015-06-18 08:00:00,37
101291108,23.7700,98.8200,2015-06-18 08:00:00,16
101290907,22.5800,101.8500,2015-06-18 08:00:00,62
101090918,37.1300,114.7000,2015-06-18 08:00:00,108
101301205,24.8100,108.2600,2015-06-18 08:00:00,0
101310204,19.7300,110.0000,2015-06-18 08:00:00,106
101071207,41.4100,119.6200,2015-06-18 08:00:00,81
101091105,39.8800,118.8800,2015-06-18 08:00:00,136
101251005,28.7100,113.5700,2015-06-18 08:00:00,0
101271610,27.9000,102.2700,2015-06-18 08:00:00,0
101201008,31.0300,110.3700,2015-06-18 08:00:00,61
101271109,28.1500,104.5000,2015-06-18 08:00:00,0
101240610,26.3300,114.5000,2015-06-18 08:00:00,38
101070304,40.8800,122.7200,2015-06-18 08:00:00,68
101271111,28.8400,104.3300,2015-06-18 08:00:00,0
101080609,42.9300,119.0200,2015-06-18 08:00:00,74
101121701,36.4200,115.9700,2015-06-18 08:00:00,82
101301006,23.6000,107.1200,2015-06-18 08:00:00,52
101180103,34.8000,113.4300,2015-06-18 08:00:00,0
101290904,22.5700,99.9300,2015-06-18 08:00:00,48
101042100,30.1800,105.8000,2015-06-18 08:00:00,39
101300109,23.2200,108.8000,2015-06-18 08:00:00,89
101050307,44.0800,131.1300,2015-06-18 08:00:00,93
101270507,31.5800,105.9700,2015-06-18 08:00:00,61
101051305,46.6300,131.1500,2015-06-18 08:00:00,117
101181007,34.4700,115.3300,2015-06-18 08:00:00,0
101300201,22.4000,107.3500,2015-06-18 08:00:00,97
101060502,42.5300,125.6300,2015-06-18 08:00:00,6
101290205,25.8300,100.5700,2015-06-18 08:00:00,90
101250303,27.6500,113.5000,2015-06-18 08:00:00,0
101300801,23.1200,109.6200,2015-06-18 08:00:00,102
101271701,29.9800,103.0000,2015-06-18 08:00:00,46
101270404,31.5500,104.5500,2015-06-18 08:00:00,49
101070301,41.0800,123.0000,2015-06-18 08:00:00,49
101230808,26.4000,117.8000,2015-06-18 08:00:00,28
101281903,23.3000,116.1300,2015-06-18 08:00:00,122
101200502,31.2800,114.6200,2015-06-18 08:00:00,102
101120703,34.8000,117.1300,2015-06-18 08:00:00,0
101070502,41.3000,124.1300,2015-06-18 08:00:00,0
101300802,23.4000,110.0800,2015-06-18 08:00:00,98
101160101,36.0500,103.8800,2015-06-18 08:00:00,69
101301012,24.2700,106.2700,2015-06-18 08:00:00,30
101050904,45.5000,125.0800,2015-06-18 08:00:00,43
101281503,23.6700,116.7000,2015-06-18 08:00:00,105
101120608,36.3900,119.7400,2015-06-18 08:00:00,99
101270202,26.5000,101.7300,2015-06-18 08:00:00,70
101190604,32.7900,119.4500,2015-06-18 08:00:00,90
101271406,29.2300,103.2700,2015-06-18 08:00:00,0
101210411,29.7800,121.5500,2015-06-18 08:00:00,0
101201106,32.0300,110.7700,2015-06-18 08:00:00,79
101281004,20.3300,110.1800,2015-06-18 08:00:00,123
101071004,41.2300,123.1700,2015-06-18 08:00:00,0
101110506,34.7800,109.1800,2015-06-18 08:00:00,73
101181407,33.4700,114.8700,2015-06-18 08:00:00,52
101221406,30.8700,119.4200,2015-06-18 08:00:00,0
101230906,27.9200,118.5300,2015-06-18 08:00:00,0
101060203,43.7000,126.5200,2015-06-18 08:00:00,33
101250703,28.5200,112.1300,2015-06-18 08:00:00,0
101240306,28.6800,117.0800,2015-06-18 08:00:00,3
101210610,28.8700,121.2000,2015-06-18 08:00:00,0
101240311,28.2900,117.7100,2015-06-18 08:00:00,0
101201108,32.6500,110.7800,2015-06-18 08:00:00,81
101090707,38.0300,116.6800,2015-06-18 08:00:00,118
101121003,35.5800,115.9300,2015-06-18 08:00:00,59
101180604,32.0200,114.9000,2015-06-18 08:00:00,71
101120410,36.9800,116.0200,2015-06-18 08:00:00,124
101181104,35.0500,112.9000,2015-06-18 08:00:00,0
101071002,41.2000,123.0700,2015-06-18 08:00:00,11
101251213,27.2100,109.8400,2015-06-18 08:00:00,0
101201101,32.6500,110.7800,2015-06-18 08:00:00,81
101111002,34.9300,108.9800,2015-06-18 08:00:00,51
101250409,27.3000,112.6900,2015-06-18 08:00:00,15
101210501,30.0700,120.5000,2015-06-18 08:00:00,0
101240305,28.7000,116.6800,2015-06-18 08:00:00,0
101120305,36.7700,117.8700,2015-06-18 08:00:00,94
101090601,39.5000,116.7000,2015-06-18 08:00:00,128
101301001,23.9000,106.6000,2015-06-18 08:00:00,31
101230505,25.4800,118.2300,2015-06-18 08:00:00,78
101050510,47.2300,127.1000,2015-06-18 08:00:00,104
101210305,30.6500,121.1200,2015-06-18 08:00:00,0
101271301,30.1300,104.6000,2015-06-18 08:00:00,44
101190501,32.0800,120.9800,2015-06-18 08:00:00,45
101090103,38.1500,114.5700,2015-06-18 08:00:00,115
101251504,28.6200,109.9500,2015-06-18 08:00:00,0
101291401,26.8500,100.2200,2015-06-18 08:00:00,64
101280103,23.5700,113.6000,2015-06-18 08:00:00,109
101210408,29.3200,121.4300,2015-06-18 08:00:00,0
101051304,46.8000,134.0000,2015-06-18 08:00:00,85
101300105,23.1700,107.7000,2015-06-18 08:00:00,73
101110401,38.2700,109.7800,2015-06-18 08:00:00,140
101240209,29.4500,116.0500,2015-06-18 08:00:00,22
101190203,31.3400,119.8100,2015-06-18 08:00:00,0
101300514,26.0300,110.6300,2015-06-18 08:00:00,0
101270608,31.2100,107.5100,2015-06-18 08:00:00,49
101090406,40.9300,117.3300,2015-06-18 08:00:00,123
101270604,30.7500,107.1900,2015-06-18 08:00:00,62
101271405,28.9500,103.9000,2015-06-18 08:00:00,11
101181605,32.9700,114.3500,2015-06-18 08:00:00,0
101272004,31.1500,104.1700,2015-06-18 08:00:00,44
101110805,33.2200,107.5500,2015-06-18 08:00:00,78
101180904,34.5500,112.1300,2015-06-18 08:00:00,0
101240204,29.2500,115.1200,2015-06-18 08:00:00,0
101240716,24.9500,115.6500,2015-06-18 08:00:00,87
101230405,25.4500,119.0000,2015-06-18 08:00:00,86
101210609,28.6200,121.4200,2015-06-18 08:00:00,0
101300108,23.1700,108.2800,2015-06-18 08:00:00,72
101271403,29.6700,104.0700,2015-06-18 08:00:00,19
101281107,22.5300,113.0300,2015-06-18 08:00:00,116
101271609,27.3700,102.5500,2015-06-18 08:00:00,0
101270701,30.5000,105.5500,2015-06-18 08:00:00,64
101220608,30.8700,116.3700,2015-06-18 08:00:00,95
101043100,29.3200,107.7500,2015-06-18 08:00:00,0
101190507,31.7800,121.6500,2015-06-18 08:00:00,0
101282006,21.7500,110.9200,2015-06-18 08:00:00,96
101290810,26.0500,101.6700,2015-06-18 08:00:00,73
101070404,41.9200,124.0800,2015-06-18 08:00:00,42
101271809,30.9300,100.3200,2015-06-18 08:00:00,83
101250604,28.9200,111.9500,2015-06-18 08:00:00,0
101290106,24.9200,103.1700,2015-06-18 08:00:00,30
101180202,35.9200,114.3300,2015-06-18 08:00:00,68
101270603,31.1000,107.8500,2015-06-18 08:00:00,45
101201406,31.0000,112.2200,2015-06-18 08:00:00,74
101200404,31.5700,114.1200,2015-06-18 08:00:00,93
101090301,40.7700,114.9200,2015-06-18 08:00:00,110
101250402,27.2300,112.8700,2015-06-18 08:00:00,0
101190103,31.3300,118.9000,2015-06-18 08:00:00,0
101180504,34.1700,112.8700,2015-06-18 08:00:00,0
101201402,31.1700,112.5700,2015-06-18 08:00:00,59
101190904,33.3100,118.9100,2015-06-18 08:00:00,81
101301405,21.7800,108.3500,2015-06-18 08:00:00,102
101110704,32.9000,108.5000,2015-06-18 08:00:00,34
101211105,29.9500,122.3000,2015-06-18 08:00:00,0
101270605,30.8500,106.9700,2015-06-18 08:00:00,55
101060308,42.9000,130.2800,2015-06-18 08:00:00,3
101270107,30.8200,103.8800,2015-06-18 08:00:00,40
101051302,46.7300,131.1200,2015-06-18 08:00:00,114
101271801,31.6200,100.0000,2015-06-18 08:00:00,99
101230407,25.4500,119.0000,2015-06-18 08:00:00,86
101080810,40.8500,107.1200,2015-06-18 08:00:00,141
101221003,29.7200,118.2800,2015-06-18 08:00:00,0
101290605,23.6200,104.3300,2015-06-18 08:00:00,42
101250601,29.1200,111.6800,2015-06-18 08:00:00,0
101050110,45.4300,128.2700,2015-06-18 08:00:00,118
101250608,29.4500,111.6500,2015-06-18 08:00:00,0
101090116,38.0200,115.0700,2015-06-18 08:00:00,104
101250105,28.1100,112.7900,2015-06-18 08:00:00,0
101080406,40.8700,113.8300,2015-06-18 08:00:00,102
101271818,28.7200,99.2800,2015-06-18 08:00:00,90
101110405,37.5800,107.5800,2015-06-18 08:00:00,136
101260101,26.5800,106.7300,2015-06-18 08:00:00,0
101290806,25.1800,101.2800,2015-06-18 08:00:00,39
101181405,33.7800,114.5200,2015-06-18 08:00:00,0
101291201,25.8700,98.8500,2015-06-18 08:00:00,27
101270201,26.5800,101.7200,2015-06-18 08:00:00,71
101191102,31.4300,119.5000,2015-06-18 08:00:00,59
101090711,38.0800,116.5500,2015-06-18 08:00:00,124
101210906,28.8800,119.8000,2015-06-18 08:00:00,0
101110102,34.0800,108.8800,2015-06-18 08:00:00,52
101221704,30.4800,117.7800,2015-06-18 08:00:00,0
101200503,31.1300,114.9500,2015-06-18 08:00:00,63
101180709,32.5200,112.3800,2015-06-18 08:00:00,0
101070601,40.0500,124.3300,2015-06-18 08:00:00,29
101120704,34.9800,116.6500,2015-06-18 08:00:00,0
101240403,27.4300,115.8300,2015-06-18 08:00:00,0
101271615,28.6500,102.5200,2015-06-18 08:00:00,0
101120802,35.8800,117.7800,2015-06-18 08:00:00,29
101070603,40.7200,124.7800,2015-06-18 08:00:00,20
101291102,23.1500,99.2700,2015-06-18 08:00:00,19
101250606,29.4500,111.6500,2015-06-18 08:00:00,0
101121101,37.3600,118.0000,2015-06-18 08:00:00,121
101080910,44.5700,117.6300,2015-06-18 08:00:00,0
101090501,39.6500,118.1000,2015-06-18 08:00:00,128
101110306,36.7700,108.7700,2015-06-18 08:00:00,114
101290901,22.7800,100.9700,2015-06-18 08:00:00,55
101181303,36.0800,115.1700,2015-06-18 08:00:00,99
101080409,41.2800,112.6200,2015-06-18 08:00:00,138
101291206,25.8700,98.8500,2015-06-18 08:00:00,27
101091007,36.3800,114.3800,2015-06-18 08:00:00,97
101120403,37.2000,116.8200,2015-06-18 08:00:00,108
101121105,37.5000,117.5300,2015-06-18 08:00:00,113
101110709,31.9000,109.5300,2015-06-18 08:00:00,64
101240605,27.5800,115.3500,2015-06-18 08:00:00,0
101301208,24.5500,107.0300,2015-06-18 08:00:00,0
101201007,29.5300,109.4200,2015-06-18 08:00:00,0
101190204,31.6200,120.3500,2015-06-18 08:00:00,35
101280102,22.9400,113.3200,2015-06-18 08:00:00,106
101120702,35.4200,116.3300,2015-06-18 08:00:00,0
101043600,28.4500,108.9800,2015-06-18 08:00:00,0
101050407,47.2300,131.9800,2015-06-18 08:00:00,99
101230502,25.0700,118.1500,2015-06-18 08:00:00,93
101201701,30.4000,112.9000,2015-06-18 08:00:00,102
101221403,30.3000,118.5300,2015-06-18 08:00:00,0
101091104,39.9000,119.2300,2015-06-18 08:00:00,135
101240506,28.8700,115.3700,2015-06-18 08:00:00,0
101190404,31.4000,121.0000,2015-06-18 08:00:00,0
101240507,28.7000,115.3800,2015-06-18 08:00:00,0
101240904,27.6300,113.8500,2015-06-18 08:00:00,0
101271409,29.5200,103.3300,2015-06-18 08:00:00,10
101220104,31.7300,117.1300,2015-06-18 08:00:00,49
101211101,30.0300,122.1000,2015-06-18 08:00:00,0
101240103,28.5500,115.9500,2015-06-18 08:00:00,0
101301209,24.9800,107.5500,2015-06-18 08:00:00,0
101240802,29.0200,117.1000,2015-06-18 08:00:00,0
101180910,34.1500,112.4700,2015-06-18 08:00:00,45
101240407,27.5500,116.2300,2015-06-18 08:00:00,0
101220609,31.0700,116.9500,2015-06-18 08:00:00,70
101190806,33.9300,117.9500,2015-06-18 08:00:00,0
101230809,26.1500,118.1500,2015-06-18 08:00:00,65
101290407,24.9800,104.3200,2015-06-18 08:00:00,58
101250203,27.7500,112.5000,2015-06-18 08:00:00,0
101250102,28.2500,112.5500,2015-06-18 08:00:00,0
101090709,38.1800,116.1200,2015-06-18 08:00:00,129
101251206,26.8800,109.7200,2015-06-18 08:00:00,0
101181403,34.0700,114.8500,2015-06-18 08:00:00,0
101290210,26.1100,99.9600,2015-06-18 08:00:00,80
101180906,34.4200,112.4000,2015-06-18 08:00:00,22
101090804,38.0300,115.9300,2015-06-18 08:00:00,104
101121709,36.2300,115.6300,2015-06-18 08:00:00,80
101291011,28.5800,103.9500,2015-06-18 08:00:00,0
101050405,46.2200,130.5500,2015-06-18 08:00:00,124
101230306,27.1000,119.6500,2015-06-18 08:00:00,42
101281202,23.6300,115.1800,2015-06-18 08:00:00,104
101120901,35.0500,118.4000,2015-06-18 08:00:00,25
101271501,30.0800,103.8200,2015-06-18 08:00:00,58
101221507,31.4700,116.9200,2015-06-18 08:00:00,95
101290104,25.5500,103.2700,2015-06-18 08:00:00,34
101200205,31.7300,112.2200,2015-06-18 08:00:00,23
101300202,23.1200,107.1300,2015-06-18 08:00:00,66
101120308,36.8700,118.2800,2015-06-18 08:00:00,82
101050303,44.9300,130.5500,2015-06-18 08:00:00,137
101271503,30.2000,103.8700,2015-06-18 08:00:00,42
101270406,31.6300,104.4500,2015-06-18 08:00:00,61
101090225,38.4200,115.3300,2015-06-18 08:00:00,125
101050601,50.2500,127.4500,2015-06-18 08:00:00,131
101050304,45.2700,130.2300,2015-06-18 08:00:00,125
101300404,23.9700,109.6800,2015-06-18 08:00:00,78
101181009,33.9700,116.4500,2015-06-18 08:00:00,0
101110509,35.2300,110.1500,2015-06-18 08:00:00,59
101190106,32.0700,118.5900,2015-06-18 08:00:00,67
101110607,33.5300,110.9000,2015-06-18 08:00:00,22
101290602,23.4500,104.7000,2015-06-18 08:00:00,78
101060901,41.9300,126.4300,2015-06-18 08:00:00,78
101201501,30.6700,113.1300,2015-06-18 08:00:00,86
101180607,32.1700,115.0500,2015-06-18 08:00:00,0
101081005,50.5800,123.7300,2015-06-18 08:00:00,95
101240611,26.8000,114.9200,2015-06-18 08:00:00,14
101071401,40.8700,120.9600,2015-06-18 08:00:00,55
101281002,21.4000,110.8200,2015-06-18 08:00:00,119
101300207,22.1200,107.0700,2015-06-18 08:00:00,105
101070602,40.4700,124.0700,2015-06-18 08:00:00,4
101121103,37.7500,117.6300,2015-06-18 08:00:00,134
101180603,32.2200,114.5500,2015-06-18 08:00:00,6
101281204,24.4500,114.9300,2015-06-18 08:00:00,104
101300304,24.4800,109.7500,2015-06-18 08:00:00,21
101210701,28.0300,120.6500,2015-06-18 08:00:00,5
101240510,28.2200,115.8200,2015-06-18 08:00:00,0
101050306,44.3300,129.4700,2015-06-18 08:00:00,134
101090807,37.3500,115.9800,2015-06-18 08:00:00,112
101220105,31.5800,117.8300,2015-06-18 08:00:00,61
101272103,32.5700,105.2200,2015-06-18 08:00:00,65
101230403,25.2300,118.9800,2015-06-18 08:00:00,78
101120908,35.5200,117.6300,2015-06-18 08:00:00,16
101301203,24.5300,107.3800,2015-06-18 08:00:00,0
101300203,22.3300,106.8500,2015-06-18 08:00:00,95
101270504,31.0300,106.4200,2015-06-18 08:00:00,52
101310211,19.2300,110.4700,2015-06-18 08:00:00,113
101230601,24.5000,117.6500,2015-06-18 08:00:00,107
101240718,25.8700,115.0000,2015-06-18 08:00:00,95
101300904,22.8300,110.5300,2015-06-18 08:00:00,99
101280207,25.0800,114.2500,2015-06-18 08:00:00,82
101050111,45.2200,127.9700,2015-06-18 08:00:00,132
101270407,32.4200,104.5200,2015-06-18 08:00:00,46
101090713,38.4100,117.3200,2015-06-18 08:00:00,131
101250603,28.9200,111.4800,2015-06-18 08:00:00,0
101070701,41.1300,121.1200,2015-06-18 08:00:00,126
101220504,31.7300,118.3700,2015-06-18 08:00:00,64
101271908,31.0000,102.3600,2015-06-18 08:00:00,33
101090113,37.7500,114.7800,2015-06-18 08:00:00,120
101060805,44.9700,126.0000,2015-06-18 08:00:00,54
101271402,29.2000,103.9500,2015-06-18 08:00:00,28
101090118,38.0700,114.3600,2015-06-18 08:00:00,97
101200903,30.8300,110.9700,2015-06-18 08:00:00,71
101071403,40.3300,120.3000,2015-06-18 08:00:00,120
101281302,24.7300,112.2800,2015-06-18 08:00:00,80
101081003,48.1300,123.4800,2015-06-18 08:00:00,76
101290112,24.9300,102.4800,2015-06-18 08:00:00,52
101120804,36.1800,116.8000,2015-06-18 08:00:00,91
101050605,48.5000,126.1800,2015-06-18 08:00:00,124
101110407,37.9300,109.2300,2015-06-18 08:00:00,126
101280105,23.4200,113.2400,2015-06-18 08:00:00,122
101090214,38.6300,114.6800,2015-06-18 08:00:00,128
101201403,31.0000,113.1300,2015-06-18 08:00:00,101
101230702,25.8500,116.3700,2015-06-18 08:00:00,49
101110410,37.5000,110.2200,2015-06-18 08:00:00,130
101270115,30.7800,104.1800,2015-06-18 08:00:00,34
101090309,40.6700,114.3800,2015-06-18 08:00:00,105
101110811,32.5300,107.9000,2015-06-18 08:00:00,87
101251209,27.3700,109.1700,2015-06-18 08:00:00,0
101210504,29.5200,120.8800,2015-06-18 08:00:00,0
101221405,30.0800,118.5800,2015-06-18 08:00:00,0
101250907,26.4600,110.8300,2015-06-18 08:00:00,0
101120609,35.9800,119.4200,2015-06-18 08:00:00,67
101170501,37.5300,105.1800,2015-06-18 08:00:00,126
101041900,31.0200,109.5300,2015-06-18 08:00:00,0
101190802,34.2900,117.1600,2015-06-18 08:00:00,38
101230910,27.0500,118.3200,2015-06-18 08:00:00,0
101230701,25.0500,117.0200,2015-06-18 08:00:00,89
101110710,33.3200,108.3200,2015-06-18 08:00:00,39
101270401,31.4500,104.7300,2015-06-18 08:00:00,68
101220801,32.8700,115.7300,2015-06-18 08:00:00,0
101121402,34.7800,117.2800,2015-06-18 08:00:00,0
101271806,30.0300,101.0200,2015-06-18 08:00:00,89
101280503,23.4300,116.8300,2015-06-18 08:00:00,117
101271804,30.8800,101.8800,2015-06-18 08:00:00,37
101230704,25.0800,116.1000,2015-06-18 08:00:00,93
101230401,25.4500,119.0000,2015-06-18 08:00:00,86
101110511,34.5900,110.1300,2015-06-18 08:00:00,48
101181502,33.8000,113.9200,2015-06-18 08:00:00,0
101110602,34.1000,110.1500,2015-06-18 08:00:00,13
101050507,46.2900,126.2800,2015-06-18 08:00:00,0
101090108,38.1800,115.1800,2015-06-18 08:00:00,113
101280905,23.1700,111.7800,2015-06-18 08:00:00,118
101110411,37.5200,110.7200,2015-06-18 08:00:00,130
101050902,47.1800,124.8300,2015-06-18 08:00:00,89
101272104,32.2800,105.5200,2015-06-18 08:00:00,67
101281601,22.9700,113.7300,2015-06-18 08:00:00,104
101271911,32.2700,100.9800,2015-06-18 08:00:00,35
101060904,42.1500,127.5000,2015-06-18 08:00:00,105
101250511,26.0800,113.9400,2015-06-18 08:00:00,46
101120208,36.7900,119.9900,2015-06-18 08:00:00,103
101180405,34.1900,113.5000,2015-06-18 08:00:00,0
101290506,24.9800,98.5100,2015-06-18 08:00:00,70
101230806,26.8300,116.8500,2015-06-18 08:00:00,21
101190201,31.6200,120.3500,2015-06-18 08:00:00,35
101120503,37.9400,120.7300,2015-06-18 08:00:00,121
101301007,23.3200,107.5800,2015-06-18 08:00:00,35
101291204,26.4200,99.4200,2015-06-18 08:00:00,44
101291101,23.8800,100.0800,2015-06-18 08:00:00,56
101110403,38.8200,110.4700,2015-06-18 08:00:00,124
101050104,45.5300,126.9300,2015-06-18 08:00:00,112
101291304,27.8300,99.7000,2015-06-18 08:00:00,78
101210706,27.8300,121.1500,2015-06-18 08:00:00,3
101250607,29.5800,111.3600,2015-06-18 08:00:00,5
101181202,35.6500,114.5200,2015-06-18 08:00:00,72
101110901,34.3500,107.1300,2015-06-18 08:00:00,68
101170201,39.0300,106.3500,2015-06-18 08:00:00,132
101090502,39.5800,118.1000,2015-06-18 08:00:00,123
101200102,30.5200,114.0100,2015-06-18 08:00:00,47
101290603,23.0300,104.4200,2015-06-18 08:00:00,80
101090307,39.8300,114.5700,2015-06-18 08:00:00,106
101300307,25.0800,109.2500,2015-06-18 08:00:00,0
101091014,36.3500,114.9500,2015-06-18 08:00:00,95
101230904,27.3300,117.4700,2015-06-18 08:00:00,18
101200203,31.8800,111.2700,2015-06-18 08:00:00,80
101300905,22.3200,110.2700,2015-06-18 08:00:00,69
101090212,39.3300,115.5200,2015-06-18 08:00:00,114
101110304,36.0700,110.1800,2015-06-18 08:00:00,100
101290604,23.1300,104.7000,2015-06-18 08:00:00,84
101201601,30.2800,113.4700,2015-06-18 08:00:00,0
101110804,33.6300,106.9300,2015-06-18 08:00:00,67
101050301,44.5000,129.6700,2015-06-18 08:00:00,80
101120106,37.0000,117.2000,2015-06-18 08:00:00,117
101240704,25.6700,114.7500,2015-06-18 08:00:00,89
101281009,21.1500,110.3000,2015-06-18 08:00:00,99
101080911,41.8800,115.2700,2015-06-18 08:00:00,113
101110703,33.0500,108.2700,2015-06-18 08:00:00,69
101080411,41.5300,111.6800,2015-06-18 08:00:00,134
101271616,28.9500,102.7700,2015-06-18 08:00:00,0
101121501,35.4700,119.5500,2015-06-18 08:00:00,86
101050506,46.8200,126.4500,2015-06-18 08:00:00,116
101110105,34.1300,108.2000,2015-06-18 08:00:00,37
101200906,30.2000,110.6700,2015-06-18 08:00:00,0
101181401,33.6200,114.6200,2015-06-18 08:00:00,0
101191302,34.0800,118.7800,2015-06-18 08:00:00,0
101190101,31.9300,118.9000,2015-06-18 08:00:00,77
101121202,37.8700,118.5200,2015-06-18 08:00:00,123
101190303,32.2700,119.8000,2015-06-18 08:00:00,83
101050401,46.7800,130.3000,2015-06-18 08:00:00,34
101240303,29.2700,117.8500,2015-06-18 08:00:00,0
101120304,37.1700,117.8700,2015-06-18 08:00:00,122
101291010,27.7500,103.9000,2015-06-18 08:00:00,0
101090916,37.3700,115.3800,2015-06-18 08:00:00,117
101230903,27.5300,117.3200,2015-06-18 08:00:00,0
101240712,25.1500,115.4000,2015-06-18 08:00:00,78
101120607,36.4200,119.1800,2015-06-18 08:00:00,99
101250801,27.6800,112.0000,2015-06-18 08:00:00,0
101090404,40.4000,117.4700,2015-06-18 08:00:00,112
101290107,24.7500,103.2700,2015-06-18 08:00:00,30
101060506,41.6700,125.7300,2015-06-18 08:00:00,20
101281905,23.5900,116.4000,2015-06-18 08:00:00,112
101251001,29.3800,113.0900,2015-06-18 08:00:00,0
101220606,30.1700,116.1300,2015-06-18 08:00:00,2
101090117,38.3500,114.6800,2015-06-18 08:00:00,128
101210702,27.5500,119.7000,2015-06-18 08:00:00,21
101220102,32.4700,117.1500,2015-06-18 08:00:00,95
101210809,28.1100,119.5600,2015-06-18 08:00:00,0
101210807,27.6200,119.0800,2015-06-18 08:00:00,0
101111001,35.0800,109.0700,2015-06-18 08:00:00,83
101280303,23.0700,114.3700,2015-06-18 08:00:00,97
101211006,29.0000,118.9000,2015-06-18 08:00:00,0
101181604,33.2800,114.2700,2015-06-18 08:00:00,0
101081209,40.1700,104.8000,2015-06-18 08:00:00,137
101210603,28.0800,121.2700,2015-06-18 08:00:00,0
101290912,23.0300,101.0500,2015-06-18 08:00:00,53
101230905,27.7700,118.0300,2015-06-18 08:00:00,0
101081006,49.1500,119.7500,2015-06-18 08:00:00,84
101090403,40.7800,118.2100,2015-06-18 08:00:00,96
101280907,23.4000,111.5000,2015-06-18 08:00:00,108
101271909,32.0800,102.9800,2015-06-18 08:00:00,0
101042800,29.8500,106.0700,2015-06-18 08:00:00,31
101091102,40.4200,118.9500,2015-06-18 08:00:00,132
101291107,24.4500,100.1300,2015-06-18 08:00:00,61
101081014,50.2500,120.1800,2015-06-18 08:00:00,75
101080706,37.8500,108.7200,2015-06-18 08:00:00,135
101251212,27.5700,110.0000,2015-06-18 08:00:00,0
101190803,34.6700,116.6600,2015-06-18 08:00:00,0
101200105,30.3500,114.3300,2015-06-18 08:00:00,27
101090205,38.7300,114.9800,2015-06-18 08:00:00,122
101090511,40.0200,118.7200,2015-06-18 08:00:00,131
101180703,33.2800,113.0000,2015-06-18 08:00:00,18
101191005,34.1200,119.3500,2015-06-18 08:00:00,0
101272105,31.7300,105.9200,2015-06-18 08:00:00,58
101300508,25.9300,111.0700,2015-06-18 08:00:00,0
101220502,31.5700,118.5200,2015-06-18 08:00:00,72
101220903,33.1300,116.2000,2015-06-18 08:00:00,7
101081001,49.2500,119.7000,2015-06-18 08:00:00,73
101090311,40.4200,115.5000,2015-06-18 08:00:00,126
101110810,33.0000,106.9300,2015-06-18 08:00:00,76
101300504,24.9800,110.0000,2015-06-18 08:00:00,17
101120602,36.6500,118.5000,2015-06-18 08:00:00,101
101110201,34.6300,108.9200,2015-06-18 08:00:00,87
101230105,26.2000,119.5500,2015-06-18 08:00:00,57
101290802,25.7200,101.3200,2015-06-18 08:00:00,42
101220901,33.7800,115.7300,2015-06-18 08:00:00,0
101080407,40.5200,112.4700,2015-06-18 08:00:00,126
101251210,27.4500,109.6800,2015-06-18 08:00:00,0
101240603,27.2200,115.1300,2015-06-18 08:00:00,0
101090910,37.5200,115.2300,2015-06-18 08:00:00,106
101110107,34.5200,109.0800,2015-06-18 08:00:00,78
101121405,35.1000,117.2000,2015-06-18 08:00:00,0
101041100,29.5200,108.7600,2015-06-18 08:00:00,0
101290211,26.5800,100.1800,2015-06-18 08:00:00,67
101200504,30.7500,115.4000,2015-06-18 08:00:00,85
101301403,21.5600,107.9500,2015-06-18 08:00:00,92
101221006,29.8700,118.4300,2015-06-18 08:00:00,0
101250803,27.7000,111.4300,2015-06-18 08:00:00,0
101060801,45.1800,124.8300,2015-06-18 08:00:00,48
101240203,29.5700,115.9800,2015-06-18 08:00:00,0
101271304,30.3800,104.5500,2015-06-18 08:00:00,31
101250404,26.8000,112.1000,2015-06-18 08:00:00,0
101090504,39.7300,118.7200,2015-06-18 08:00:00,126
101271910,31.9000,102.2300,2015-06-18 08:00:00,50
101080613,41.6000,119.3000,2015-06-18 08:00:00,107
101180308,35.2000,114.6500,2015-06-18 08:00:00,0
101180702,33.4800,112.4200,2015-06-18 08:00:00,42
101250301,27.8700,113.1700,2015-06-18 08:00:00,0
101050205,47.8000,124.4800,2015-06-18 08:00:00,89
101080104,40.4000,111.8200,2015-06-18 08:00:00,135
101170504,36.5700,105.6500,2015-06-18 08:00:00,107
101230402,25.3700,118.7000,2015-06-18 08:00:00,117
101280404,24.3300,116.7000,2015-06-18 08:00:00,103
101200701,29.8500,114.3700,2015-06-18 08:00:00,0
101250510,26.1200,113.1200,2015-06-18 08:00:00,60
101240307,28.9500,117.5800,2015-06-18 08:00:00,0
101120411,36.9300,116.6200,2015-06-18 08:00:00,116
101070106,41.9700,122.8500,2015-06-18 08:00:00,83
101091009,36.7800,114.5000,2015-06-18 08:00:00,112
101081106,46.6000,121.2200,2015-06-18 08:00:00,13
101270102,30.6100,104.2600,2015-06-18 08:00:00,33
101090409,40.6100,118.4700,2015-06-18 08:00:00,115
101210604,29.1200,121.3800,2015-06-18 08:00:00,0
101230607,23.7500,117.1300,2015-06-18 08:00:00,115
101270602,31.3700,107.7200,2015-06-18 08:00:00,51
101080803,40.3300,107.0000,2015-06-18 08:00:00,139
101110303,37.1800,109.7000,2015-06-18 08:00:00,129
101280302,23.1700,114.2800,2015-06-18 08:00:00,99
101271505,30.0700,103.5000,2015-06-18 08:00:00,27
101300204,22.0700,106.7300,2015-06-18 08:00:00,84
101220303,31.1200,118.6000,2015-06-18 08:00:00,0
101210201,30.8700,120.0500,2015-06-18 08:00:00,10
101220607,30.1300,116.6700,2015-06-18 08:00:00,0
101140101,29.6700,91.1300,2015-06-18 08:00:00,108
101271905,32.6700,103.6000,2015-06-18 08:00:00,0
101051103,45.5500,131.8700,2015-06-18 08:00:00,134
101251208,27.8800,109.8000,2015-06-18 08:00:00,24
101210708,28.1500,120.6800,2015-06-18 08:00:00,5
101200803,30.0700,112.2200,2015-06-18 08:00:00,0
101270403,31.2200,105.3800,2015-06-18 08:00:00,60
101120201,36.0700,120.3300,2015-06-18 08:00:00,35
101281401,22.9300,112.0500,2015-06-18 08:00:00,113
101180302,35.2700,113.6700,2015-06-18 08:00:00,79
101180401,34.0700,113.9300,2015-06-18 08:00:00,0
101080204,40.5500,110.5300,2015-06-18 08:00:00,119
101230901,26.6300,118.1700,2015-06-18 08:00:00,38
101110808,33.5200,107.9800,2015-06-18 08:00:00,43
101240207,29.7300,116.2300,2015-06-18 08:00:00,0
101090805,38.2300,115.7300,2015-06-18 08:00:00,117
101271802,30.0500,101.9700,2015-06-18 08:00:00,0
101251201,27.5700,110.0000,2015-06-18 08:00:00,0
101120502,37.1800,119.9500,2015-06-18 08:00:00,115
101051003,45.7500,130.6100,2015-06-18 08:00:00,135
101170306,38.0300,106.0800,2015-06-18 08:00:00,137
101120603,36.8600,118.8000,2015-06-18 08:00:00,107
101282005,22.3500,110.9300,2015-06-18 08:00:00,95
101300306,25.2200,109.4000,2015-06-18 08:00:00,0
101220501,31.7000,118.5700,2015-06-18 08:00:00,56
101280903,23.3500,112.6500,2015-06-18 08:00:00,100
101070604,39.8800,124.1700,2015-06-18 08:00:00,60
101290108,24.9100,102.8300,2015-06-18 08:00:00,64
101281502,23.6800,116.9800,2015-06-18 08:00:00,120
101121204,37.4800,118.2200,2015-06-18 08:00:00,123
101221004,29.8500,117.7200,2015-06-18 08:00:00,0
101281104,22.5300,113.0300,2015-06-18 08:00:00,116
101210707,28.0700,120.9700,2015-06-18 08:00:00,0
101040300,29.9700,106.2600,2015-06-18 08:00:00,26
101210203,30.6300,119.7000,2015-06-18 08:00:00,0
101090606,38.8500,116.4600,2015-06-18 08:00:00,137
101090310,40.7700,114.7300,2015-06-18 08:00:00,121
101220305,31.3300,117.8700,2015-06-18 08:00:00,48
101190901,33.6400,118.9300,2015-06-18 08:00:00,56
101060305,42.5300,129.0000,2015-06-18 08:00:00,91
101180801,34.7800,114.3000,2015-06-18 08:00:00,0
101190606,32.4100,119.4200,2015-06-18 08:00:00,76
101181409,33.8700,115.4800,2015-06-18 08:00:00,0
101250507,25.9700,113.2200,2015-06-18 08:00:00,0
101050606,48.2500,126.5000,2015-06-18 08:00:00,101
101270505,31.5300,106.4000,2015-06-18 08:00:00,65
101110708,32.8200,110.1200,2015-06-18 08:00:00,30
101090210,38.7200,115.1200,2015-06-18 08:00:00,123
101301101,21.9500,108.6200,2015-06-18 08:00:00,121
101060903,41.8000,126.8800,2015-06-18 08:00:00,68
101070403,42.0700,124.8700,2015-06-18 08:00:00,0
101272005,31.3300,104.2000,2015-06-18 08:00:00,19
101090110,38.1800,114.9500,2015-06-18 08:00:00,119
101090206,38.7200,115.7700,2015-06-18 08:00:00,127
101240104,28.8500,115.5500,2015-06-18 08:00:00,0
101081105,46.7200,122.9000,2015-06-18 08:00:00,20
101281803,21.8400,111.9700,2015-06-18 08:00:00,113
101190601,32.4100,119.4200,2015-06-18 08:00:00,76
101201002,30.2800,108.9300,2015-06-18 08:00:00,0
101060301,42.8700,129.5000,2015-06-18 08:00:00,86
101200201,32.0000,112.0800,2015-06-18 08:00:00,104
101230202,24.7300,118.1500,2015-06-18 08:00:00,92
101190502,32.5200,120.4500,2015-06-18 08:00:00,77
101050602,49.1700,125.2300,2015-06-18 08:00:00,93
101041600,31.9500,108.6700,2015-06-18 08:00:00,76
101070302,41.4200,122.4200,2015-06-18 08:00:00,102
101220603,30.4300,116.3200,2015-06-18 08:00:00,0
101230706,24.7300,116.7200,2015-06-18 08:00:00,98
101240508,28.4200,115.3800,2015-06-18 08:00:00,0
101121503,35.5700,118.8300,2015-06-18 08:00:00,19
101230309,26.9200,118.9800,2015-06-18 08:00:00,55
101271705,29.2300,102.3500,2015-06-18 08:00:00,0
101120909,35.2700,117.9700,2015-06-18 08:00:00,9
101050702,52.3500,124.7200,2015-06-18 08:00:00,0
101071104,42.7300,124.7500,2015-06-18 08:00:00,0
101270301,29.3500,104.7700,2015-06-18 08:00:00,44
101280504,23.4300,117.0300,2015-06-18 08:00:00,120
101120406,37.7000,117.1800,2015-06-18 08:00:00,125
101300503,25.8000,110.0000,2015-06-18 08:00:00,7
101290207,25.4800,100.5800,2015-06-18 08:00:00,108
101201104,32.8500,110.8200,2015-06-18 08:00:00,91
101180601,32.1300,114.0500,2015-06-18 08:00:00,18
101180706,33.0500,111.8700,2015-06-18 08:00:00,81
101050113,45.9500,128.0300,2015-06-18 08:00:00,131
101070501,41.3200,123.7800,2015-06-18 08:00:00,13
101180705,33.3000,111.5000,2015-06-18 08:00:00,64
101181001,34.4400,115.5400,2015-06-18 08:00:00,0
101060304,43.3000,129.7800,2015-06-18 08:00:00,0
101071103,42.7800,124.1200,2015-06-18 08:00:00,34
101290702,24.6800,102.9200,2015-06-18 08:00:00,73
101301206,24.7800,108.9000,2015-06-18 08:00:00,0
101121401,34.8700,117.5800,2015-06-18 08:00:00,0
101250505,25.2700,112.5500,2015-06-18 08:00:00,67
101240206,29.0500,115.8200,2015-06-18 08:00:00,0
101290505,24.8300,99.6200,2015-06-18 08:00:00,61
101111003,35.4300,109.0700,2015-06-18 08:00:00,97
101190602,33.2700,119.3400,2015-06-18 08:00:00,95
101050204,47.9300,123.5000,2015-06-18 08:00:00,66
101301005,23.1300,106.4200,2015-06-18 08:00:00,56
101230805,26.7300,117.4700,2015-06-18 08:00:00,61
101180205,36.0700,113.8200,2015-06-18 08:00:00,74
101200804,29.7000,112.4000,2015-06-18 08:00:00,4
101230801,26.2700,117.6200,2015-06-18 08:00:00,64
101120105,36.2500,116.4200,2015-06-18 08:00:00,95
101060702,42.6700,125.4700,2015-06-18 08:00:00,0
101220703,33.5800,117.5200,2015-06-18 08:00:00,0
101110705,32.8500,109.3700,2015-06-18 08:00:00,63
101281308,23.7200,113.0800,2015-06-18 08:00:00,119
101250902,27.1300,111.0100,2015-06-18 08:00:00,0
101090223,39.3200,115.9500,2015-06-18 08:00:00,129
101200508,30.1000,115.9300,2015-06-18 08:00:00,0
101270902,31.9300,107.2200,2015-06-18 08:00:00,78
101200506,30.4700,115.2200,2015-06-18 08:00:00,40
101180305,35.3800,114.0700,2015-06-18 08:00:00,78
101191103,31.7200,119.5500,2015-06-18 08:00:00,0
101310201,18.2200,109.5900,2015-06-18 08:00:00,99
101220702,34.4500,116.3300,2015-06-18 08:00:00,72
101291106,24.0300,99.2300,2015-06-18 08:00:00,17
101110308,36.2700,109.3500,2015-06-18 08:00:00,116
101270111,31.0000,103.6600,2015-06-18 08:00:00,18
101210401,29.7800,121.5500,2015-06-18 08:00:00,0
101110204,34.8200,108.5500,2015-06-18 08:00:00,77
101090503,39.8100,118.0800,2015-06-18 08:00:00,116
101180908,34.7300,112.7800,2015-06-18 08:00:00,0
101281108,22.7400,112.9800,2015-06-18 08:00:00,117
101251411,26.5000,111.6200,2015-06-18 08:00:00,0
101240402,26.8500,116.3300,2015-06-18 08:00:00,15
101181402,34.0800,114.4000,2015-06-18 08:00:00,0
101210905,29.2700,120.2200,2015-06-18 08:00:00,0
101080106,40.7500,111.7000,2015-06-18 08:00:00,123
101251506,28.2300,110.2100,2015-06-18 08:00:00,0
101240711,25.6000,115.8000,2015-06-18 08:00:00,67
101050804,46.9800,127.9800,2015-06-18 08:00:00,131
101091106,39.8500,119.5200,2015-06-18 08:00:00,129
101120101,36.6000,117.0000,2015-06-18 08:00:00,104
101110207,34.5500,108.2300,2015-06-18 08:00:00,46
101240714,24.9200,114.8200,2015-06-18 08:00:00,99
101080806,41.5700,108.5200,2015-06-18 08:00:00,134
101060501,41.6800,125.9000,2015-06-18 08:00:00,31
101290110,25.3600,103.0800,2015-06-18 08:00:00,35
101251204,28.0200,110.2000,2015-06-18 08:00:00,0
101221701,30.6500,117.5000,2015-06-18 08:00:00,0
101210301,30.7300,120.7700,2015-06-18 08:00:00,0
101120707,35.7700,116.5000,2015-06-18 08:00:00,28
101070205,38.8200,121.2300,2015-06-18 08:00:00,124
101090802,37.5000,115.7300,2015-06-18 08:00:00,131
101190302,31.9800,119.5900,2015-06-18 08:00:00,56
101280906,23.9200,112.1800,2015-06-18 08:00:00,122
101230305,27.1500,119.3500,2015-06-18 08:00:00,42
101272102,32.2300,106.2800,2015-06-18 08:00:00,63
101221007,29.7800,118.1800,2015-06-18 08:00:00,0
101050208,48.0500,125.8800,2015-06-18 08:00:00,0
101200902,31.0500,111.6300,2015-06-18 08:00:00,25
101190508,31.9200,121.2000,2015-06-18 08:00:00,0
101180609,31.8200,115.3800,2015-06-18 08:00:00,85
101181801,35.0800,112.6300,2015-06-18 08:00:00,0
101220804,33.0200,115.2800,2015-06-18 08:00:00,13
101060405,43.3500,125.2800,2015-06-18 08:00:00,21
101170406,35.8500,106.6300,2015-06-18 08:00:00,107
101200605,30.2300,115.0300,2015-06-18 08:00:00,10
101241001,27.8300,114.8800,2015-06-18 08:00:00,0
101271816,28.9300,99.8000,2015-06-18 08:00:00,68
101190708,33.2000,120.4800,2015-06-18 08:00:00,103
101080703,40.4000,110.0300,2015-06-18 08:00:00,118
101042500,29.9800,108.1200,2015-06-18 08:00:00,11
101282001,21.7500,110.9200,2015-06-18 08:00:00,96
101210403,30.2000,121.2700,2015-06-18 08:00:00,0
101291005,27.8500,105.0500,2015-06-18 08:00:00,0
101050102,45.3800,126.3000,2015-06-18 08:00:00,82
101271506,29.8300,103.8700,2015-06-18 08:00:00,54
101191301,33.9700,118.2200,2015-06-18 08:00:00,6
101090304,41.8500,114.6000,2015-06-18 08:00:00,108
101120801,36.1700,117.1500,2015-06-18 08:00:00,76
101300903,22.7000,110.3500,2015-06-18 08:00:00,70
101300506,25.6200,110.6700,2015-06-18 08:00:00,8
101210410,29.8800,121.8300,2015-06-18 08:00:00,0
101300701,24.4200,111.5000,2015-06-18 08:00:00,92
101190304,31.9600,119.2000,2015-06-18 08:00:00,106
101200405,30.9500,113.5700,2015-06-18 08:00:00,103
101120404,37.3100,116.5200,2015-06-18 08:00:00,115
101080708,39.0900,107.9600,2015-06-18 08:00:00,135
101310221,18.7500,109.1600,2015-06-18 08:00:00,109
101271407,28.8200,103.5300,2015-06-18 08:00:00,0
101043300,29.0000,106.6500,2015-06-18 08:00:00,0
101181302,35.9800,115.8700,2015-06-18 08:00:00,82
101110302,36.8800,110.1800,2015-06-18 08:00:00,113
101221002,30.3000,118.1300,2015-06-18 08:00:00,0
101271404,29.7500,103.5500,2015-06-18 08:00:00,21
101181609,32.8300,114.0200,2015-06-18 08:00:00,61
101050209,48.0300,126.2500,2015-06-18 08:00:00,100
101230602,24.6200,117.7500,2015-06-18 08:00:00,102
101051203,47.5700,130.8300,2015-06-18 08:00:00,39
101050905,46.8300,124.4200,2015-06-18 08:00:00,101
101180303,35.0800,113.9800,2015-06-18 08:00:00,63
101200103,30.8700,114.4000,2015-06-18 08:00:00,84
101200703,29.9200,113.9700,2015-06-18 08:00:00,0
101281101,22.7400,112.9800,2015-06-18 08:00:00,117
101121304,36.9300,121.5300,2015-06-18 08:00:00,58
101221101,32.3500,118.2500,2015-06-18 08:00:00,73
101180803,34.4000,114.2200,2015-06-18 08:00:00,0
101230110,25.9700,119.5000,2015-06-18 08:00:00,55
101291203,26.9000,98.8700,2015-06-18 08:00:00,58
101230803,26.1800,116.8200,2015-06-18 08:00:00,46
101290313,22.5000,103.9500,2015-06-18 08:00:00,71
101221401,30.9300,118.7500,2015-06-18 08:00:00,0
101290707,24.6600,102.1800,2015-06-18 08:00:00,33
101121008,34.9500,115.8800,2015-06-18 08:00:00,0
101271103,28.7000,104.5700,2015-06-18 08:00:00,12
101090906,37.3500,114.7500,2015-06-18 08:00:00,107
101120506,37.3300,120.3900,2015-06-18 08:00:00,118
101250702,29.3700,112.4000,2015-06-18 08:00:00,0
101090801,37.7300,115.7000,2015-06-18 08:00:00,126
101180201,36.0500,114.1400,2015-06-18 08:00:00,76
101051202,47.3100,131.8400,2015-06-18 08:00:00,77
101060309,42.9500,129.8300,2015-06-18 08:00:00,2
101301103,22.4200,109.3000,2015-06-18 08:00:00,105
101270506,30.9800,105.8800,2015-06-18 08:00:00,45
101070402,41.7300,125.0500,2015-06-18 08:00:00,13
101240502,28.5300,114.3800,2015-06-18 08:00:00,0
101271106,28.5800,104.9200,2015-06-18 08:00:00,26
101200406,30.6500,113.8500,2015-06-18 08:00:00,67
101210502,29.7000,120.2500,2015-06-18 08:00:00,0
101080202,41.7700,109.9700,2015-06-18 08:00:00,134
101281106,22.2500,112.7800,2015-06-18 08:00:00,124
101210808,28.1100,119.5600,2015-06-18 08:00:00,0
101060105,44.8500,126.5200,2015-06-18 08:00:00,90
101180403,33.8500,113.5200,2015-06-18 08:00:00,0
101050302,44.6000,129.4000,2015-06-18 08:00:00,123
101090109,37.6500,114.3700,2015-06-18 08:00:00,93
101270702,30.7700,105.7000,2015-06-18 08:00:00,55
101050706,51.6700,124.4000,2015-06-18 08:00:00,107
101080713,39.8300,109.9800,2015-06-18 08:00:00,135
101240410,27.3000,116.9300,2015-06-18 08:00:00,0
101070803,40.4200,122.3500,2015-06-18 08:00:00,97
101270204,26.6800,101.8500,2015-06-18 08:00:00,64
101250705,28.8500,112.3700,2015-06-18 08:00:00,0
101070204,39.4200,121.9500,2015-06-18 08:00:00,63
101291006,26.9200,102.9200,2015-06-18 08:00:00,0
101200801,30.3500,112.1500,2015-06-18 08:00:00,73
101300511,24.8300,110.8200,2015-06-18 08:00:00,52
101230107,25.8700,118.9300,2015-06-18 08:00:00,66
101120505,37.6400,120.3400,2015-06-18 08:00:00,114
101221703,30.6300,117.8700,2015-06-18 08:00:00,12
101280206,25.0700,113.7700,2015-06-18 08:00:00,105
101220805,33.2300,115.3300,2015-06-18 08:00:00,0
101090112,37.8100,114.5000,2015-06-18 08:00:00,91
101090312,40.3800,115.2200,2015-06-18 08:00:00,117
101271814,30.0000,100.2700,2015-06-18 08:00:00,65
101290206,25.3900,100.4000,2015-06-18 08:00:00,103
101181101,35.2300,113.2700,2015-06-18 08:00:00,62
101200206,32.4300,111.7300,2015-06-18 08:00:00,46
101170301,37.9800,106.1800,2015-06-18 08:00:00,133
101290307,23.7000,103.2900,2015-06-18 08:00:00,93
101200907,30.8200,111.7800,2015-06-18 08:00:00,69
101110305,36.0000,109.3700,2015-06-18 08:00:00,102
101180707,33.0500,112.2300,2015-06-18 08:00:00,0
101270114,30.6800,103.7000,2015-06-18 08:00:00,45
101121001,35.2500,115.4200,2015-06-18 08:00:00,55
101181501,33.6000,114.0500,2015-06-18 08:00:00,0
101290608,23.6500,105.6300,2015-06-18 08:00:00,53
101200603,29.8500,115.2000,2015-06-18 08:00:00,0
101201005,30.0000,109.4800,2015-06-18 08:00:00,0
101220103,31.8800,117.4700,2015-06-18 08:00:00,79
101180708,33.1200,111.5200,2015-06-18 08:00:00,69
101051201,47.3400,130.2000,2015-06-18 08:00:00,0
101180102,34.7300,112.9700,2015-06-18 08:00:00,0
101200407,30.9000,113.9500,2015-06-18 08:00:00,116
101221106,32.4700,118.4200,2015-06-18 08:00:00,80
101310222,18.7700,109.5200,2015-06-18 08:00:00,73
101290503,24.6000,98.6800,2015-06-18 08:00:00,24
101201004,29.6800,109.1500,2015-06-18 08:00:00,0
101060603,45.5100,124.2400,2015-06-18 08:00:00,68
101110903,34.6500,107.1300,2015-06-18 08:00:00,99
101300301,24.3500,109.4000,2015-06-18 08:00:00,0
101170204,38.8000,106.7000,2015-06-18 08:00:00,130
101200908,30.4700,111.1800,2015-06-18 08:00:00,22
101291007,28.5800,103.9500,2015-06-18 08:00:00,0
101230301,26.6700,119.5200,2015-06-18 08:00:00,39
101270606,32.0700,108.0300,2015-06-18 08:00:00,84
101200403,31.0300,113.7500,2015-06-18 08:00:00,103
101060803,45.0800,124.8700,2015-06-18 08:00:00,26
101110200,34.4000,108.7200,2015-06-18 08:00:00,75
101271202,29.6200,105.1200,2015-06-18 08:00:00,26
101240703,25.8000,114.5500,2015-06-18 08:00:00,78
101180105,34.5300,113.3300,2015-06-18 08:00:00,51
101220402,32.7200,116.7700,2015-06-18 08:00:00,0
101120508,37.4800,121.2300,2015-06-18 08:00:00,112
101120604,36.5000,118.5500,2015-06-18 08:00:00,104
101300308,25.7800,109.6000,2015-06-18 08:00:00,0
101280407,24.5800,115.9000,2015-06-18 08:00:00,84
101121707,36.8200,115.7300,2015-06-18 08:00:00,110
101240404,27.7700,116.0500,2015-06-18 08:00:00,0
101040700,29.7300,106.6200,2015-06-18 08:00:00,13
101090305,41.6700,115.6700,2015-06-18 08:00:00,119
101091003,36.3300,114.6200,2015-06-18 08:00:00,98
101110301,36.5800,110.0700,2015-06-18 08:00:00,111
101210303,30.5200,120.6500,2015-06-18 08:00:00,0
101120405,36.7800,116.7500,2015-06-18 08:00:00,106
101291603,21.9600,100.4700,2015-06-18 08:00:00,40
101100101,37.6200,112.5800,2015-06-18 08:00:00,132
101280703,22.2800,113.5700,2015-06-18 08:00:00,123
101051104,45.2600,131.0900,2015-06-18 08:00:00,142
101180902,34.7300,112.1200,2015-06-18 08:00:00,46
101190408,31.5100,121.1100,2015-06-18 08:00:00,0
101050803,48.1000,129.2300,2015-06-18 08:00:00,101
101282103,22.9500,115.6500,2015-06-18 08:00:00,120
101210901,29.1200,119.6500,2015-06-18 08:00:00,0
101230201,24.4800,118.0700,2015-06-18 08:00:00,105
101080402,40.8700,112.5700,2015-06-18 08:00:00,125
101120501,37.4800,121.4300,2015-06-18 08:00:00,77
101051301,46.6300,131.1500,2015-06-18 08:00:00,117
101250403,27.0900,112.9500,2015-06-18 08:00:00,0
101240601,27.0500,114.9200,2015-06-18 08:00:00,0
101251507,29.4700,109.4500,2015-06-18 08:00:00,0
101090114,37.9300,115.2000,2015-06-18 08:00:00,107
101110504,34.8000,109.9700,2015-06-18 08:00:00,66
101080604,44.4500,119.3000,2015-06-18 08:00:00,1
101220204,33.1500,117.8300,2015-06-18 08:00:00,0
101110507,34.9500,109.5800,2015-06-18 08:00:00,83
101290311,24.5300,103.7700,2015-06-18 08:00:00,69
101170202,39.2200,106.7700,2015-06-18 08:00:00,136
101290705,24.1900,102.9100,2015-06-18 08:00:00,56
101210805,28.1500,120.2800,2015-06-18 08:00:00,3
101090607,39.9100,116.9500,2015-06-18 08:00:00,125
101110402,39.0200,111.0000,2015-06-18 08:00:00,128
101090712,38.7300,116.1000,2015-06-18 08:00:00,126
101120409,37.6700,116.8000,2015-06-18 08:00:00,123
101190707,32.8500,120.2800,2015-06-18 08:00:00,101
101301201,24.7000,108.0300,2015-06-18 08:00:00,0
101060404,43.5200,124.8000,2015-06-18 08:00:00,25
101300405,23.6000,109.6700,2015-06-18 08:00:00,87
101110707,32.4000,109.3300,2015-06-18 08:00:00,82
101050903,45.7000,125.2500,2015-06-18 08:00:00,62
101301302,21.6700,109.1800,2015-06-18 08:00:00,113
101091002,36.4000,114.2000,2015-06-18 08:00:00,89
101291001,27.3500,103.7200,2015-06-18 08:00:00,0
101310205,19.5200,109.5800,2015-06-18 08:00:00,106
101301008,24.7800,105.3300,2015-06-18 08:00:00,37
101110307,36.8800,109.3200,2015-06-18 08:00:00,117
101110210,35.1700,108.3000,2015-06-18 08:00:00,92
101120307,36.9700,118.0800,2015-06-18 08:00:00,111
101090704,38.1500,117.4800,2015-06-18 08:00:00,135
101110604,33.8700,109.9700,2015-06-18 08:00:00,46
101290807,25.5300,102.4200,2015-06-18 08:00:00,20
101070504,41.2800,125.3500,2015-06-18 08:00:00,0
101280803,23.1500,113.0200,2015-06-18 08:00:00,116
101300906,22.6700,110.1200,2015-06-18 08:00:00,78
101060703,42.9200,125.0800,2015-06-18 08:00:00,7
101290113,24.9500,102.6200,2015-06-18 08:00:00,50
101050802,48.5700,129.4300,2015-06-18 08:00:00,71
101240406,27.7200,117.0700,2015-06-18 08:00:00,0
101220201,32.8500,117.3000,2015-06-18 08:00:00,43
101090115,38.0300,114.8300,2015-06-18 08:00:00,118
101050112,44.9000,127.1500,2015-06-18 08:00:00,82
101290404,25.6800,104.2500,2015-06-18 08:00:00,26
101270503,31.0700,106.5500,2015-06-18 08:00:00,60
101050201,47.3800,123.9200,2015-06-18 08:00:00,10
101280601,22.5300,114.0000,2015-06-18 08:00:00,106
101201109,32.6500,110.7800,2015-06-18 08:00:00,81
101270801,30.5300,106.6300,2015-06-18 08:00:00,53
101290401,25.5800,103.8300,2015-06-18 08:00:00,37
101070207,39.7200,122.9500,2015-06-18 08:00:00,90
101250512,25.8000,113.0300,2015-06-18 08:00:00,19
101271607,26.6500,102.5800,2015-06-18 08:00:00,41
101200901,30.7400,111.3600,2015-06-18 08:00:00,41
101043000,29.8500,107.7300,2015-06-18 08:00:00,0
101281008,21.1500,110.3000,2015-06-18 08:00:00,99
101080901,43.9500,116.1200,2015-06-18 08:00:00,29
101190801,34.2900,117.1600,2015-06-18 08:00:00,38
101120207,36.9000,120.5600,2015-06-18 08:00:00,94
101281203,24.3700,114.4800,2015-06-18 08:00:00,98
101071205,41.8200,120.7800,2015-06-18 08:00:00,77
101291207,27.7500,98.6700,2015-06-18 08:00:00,32
101281306,23.8800,113.5200,2015-06-18 08:00:00,108
101301009,24.5000,105.1000,2015-06-18 08:00:00,35
101181107,34.9500,113.0300,2015-06-18 08:00:00,32
101191305,33.9700,118.2200,2015-06-18 08:00:00,6
101080102,40.7200,111.1700,2015-06-18 08:00:00,125
101121102,37.1500,118.1500,2015-06-18 08:00:00,113
101190105,32.3700,118.8500,2015-06-18 08:00:00,84
101050509,46.8900,127.4800,2015-06-18 08:00:00,104
101090706,38.4200,115.8200,2015-06-18 08:00:00,132
101220806,33.1300,115.6500,2015-06-18 08:00:00,0
101271504,29.8800,103.3500,2015-06-18 08:00:00,40
101070104,42.7500,123.3300,2015-06-18 08:00:00,69
101090701,38.3500,116.8500,2015-06-18 08:00:00,130
101090605,38.7000,116.6200,2015-06-18 08:00:00,138
101200106,30.6000,114.0500,2015-06-18 08:00:00,58
101271617,28.2700,103.5800,2015-06-18 08:00:00,0
101210302,30.8300,120.9300,2015-06-18 08:00:00,0
101180804,34.5100,114.4700,2015-06-18 08:00:00,0
101300901,22.6700,110.1200,2015-06-18 08:00:00,78
101220605,30.7500,116.8200,2015-06-18 08:00:00,45
101161106,35.6800,103.3800,2015-06-18 08:00:00,74
101080105,39.9200,111.6600,2015-06-18 08:00:00,132
101221104,32.5300,117.6700,2015-06-18 08:00:00,64
101251006,29.4800,113.4500,2015-06-18 08:00:00,0
101240202,29.7000,115.6700,2015-06-18 08:00:00,0
101091010,36.8200,115.1700,2015-06-18 08:00:00,119
101291003,27.6300,104.0500,2015-06-18 08:00:00,0
101080802,41.0900,108.4700,2015-06-18 08:00:00,136
101250305,26.7900,113.5500,2015-06-18 08:00:00,0
101230606,24.1300,117.6000,2015-06-18 08:00:00,110
101121205,37.0500,118.4000,2015-06-18 08:00:00,88
101290903,24.4700,100.8700,2015-06-18 08:00:00,58
101201001,30.2800,109.4700,2015-06-18 08:00:00,0
101270110,30.4500,103.8200,2015-06-18 08:00:00,30
101211102,30.7300,122.4500,2015-06-18 08:00:00,7
101120711,35.3800,116.9800,2015-06-18 08:00:00,0
101210406,29.4700,121.8800,2015-06-18 08:00:00,0
101271902,31.5000,103.6200,2015-06-18 08:00:00,0
101300205,22.8300,107.2000,2015-06-18 08:00:00,84
101280402,24.1500,115.7300,2015-06-18 08:00:00,121
101240509,28.0700,115.5500,2015-06-18 08:00:00,0
101240604,27.7700,115.4000,2015-06-18 08:00:00,0
101290906,23.4200,101.6700,2015-06-18 08:00:00,98
101080206,41.7000,110.4300,2015-06-18 08:00:00,108
101282104,22.8000,115.3700,2015-06-18 08:00:00,112
101290310,22.9800,103.6800,2015-06-18 08:00:00,61
101250504,25.4100,112.9400,2015-06-18 08:00:00,90
101080107,41.0800,111.4700,2015-06-18 08:00:00,127
101271105,28.7100,105.0600,2015-06-18 08:00:00,35
101090803,37.8000,115.8800,2015-06-18 08:00:00,126
101290304,24.4000,103.4500,2015-06-18 08:00:00,55
101240505,28.2300,114.9200,2015-06-18 08:00:00,0
101121009,34.8000,116.0700,2015-06-18 08:00:00,0
101230802,26.2300,116.6300,2015-06-18 08:00:00,54
101071003,41.4100,123.3700,2015-06-18 08:00:00,0
101272003,30.9300,104.2800,2015-06-18 08:00:00,16
101200706,29.6000,114.5000,2015-06-18 08:00:00,0
101060206,42.9800,126.7500,2015-06-18 08:00:00,89
101272001,31.3200,104.5000,2015-06-18 08:00:00,28
101110803,33.1700,106.7000,2015-06-18 08:00:00,75
101071302,41.0200,122.0700,2015-06-18 08:00:00,122
101230102,26.2300,118.8500,2015-06-18 08:00:00,72
101050502,46.0200,125.8100,2015-06-18 08:00:00,82
101110310,35.5700,109.2500,2015-06-18 08:00:00,81
101051102,45.7700,132.9600,2015-06-18 08:00:00,137
101090714,38.4200,116.0600,2015-06-18 08:00:00,123
101070401,41.7300,125.0500,2015-06-18 08:00:00,13
101120103,37.3200,117.1300,2015-06-18 08:00:00,123
101310214,18.6500,109.7000,2015-06-18 08:00:00,101
101080205,41.0300,110.0500,2015-06-18 08:00:00,134
101240803,29.3000,117.2000,2015-06-18 08:00:00,0
101180805,34.8500,114.8200,2015-06-18 08:00:00,0
101230703,25.7200,116.7300,2015-06-18 08:00:00,65
101110608,33.5500,109.8700,2015-06-18 08:00:00,0
101090111,38.2700,114.2200,2015-06-18 08:00:00,124
101043400,28.8200,108.7700,2015-06-18 08:00:00,0
101271813,32.2800,100.3300,2015-06-18 08:00:00,71
101190202,31.9000,120.3000,2015-06-18 08:00:00,79
101050108,45.9700,128.7300,2015-06-18 08:00:00,141
101271906,33.2700,104.2500,2015-06-18 08:00:00,23
101221505,31.6800,115.8800,2015-06-18 08:00:00,62
101280801,22.8500,113.2500,2015-06-18 08:00:00,110
101191204,32.5100,120.1600,2015-06-18 08:00:00,96
101090407,41.3200,117.7300,2015-06-18 08:00:00,109
101240503,28.4000,114.7800,2015-06-18 08:00:00,0
101270203,26.9200,102.1200,2015-06-18 08:00:00,36
101230810,25.9700,117.3500,2015-06-18 08:00:00,44
101210709,27.6700,120.5700,2015-06-18 08:00:00,0
101180506,33.3300,113.5300,2015-06-18 08:00:00,0
101110309,35.7700,109.4100,2015-06-18 08:00:00,121
101200807,30.1800,111.7700,2015-06-18 08:00:00,0
101230304,27.4500,119.4200,2015-06-18 08:00:00,20
101240606,27.3300,115.4200,2015-06-18 08:00:00,0
101201103,33.0000,110.4200,2015-06-18 08:00:00,85
101190407,31.1300,120.6200,2015-06-18 08:00:00,0
101300601,23.4800,111.3000,2015-06-18 08:00:00,118
101290111,25.5500,102.4500,2015-06-18 08:00:00,36
101210202,31.0200,119.8900,2015-06-18 08:00:00,15
101110205,34.5500,108.8200,2015-06-18 08:00:00,66
101211001,29.0000,118.9000,2015-06-18 08:00:00,0
101310210,19.3700,110.1000,2015-06-18 08:00:00,102
101090702,38.5800,116.8500,2015-06-18 08:00:00,120
101180204,35.9300,114.9200,2015-06-18 08:00:00,83
101251404,25.9700,111.6500,2015-06-18 08:00:00,0
101200302,30.3700,114.8700,2015-06-18 08:00:00,14
101191205,31.9900,120.2600,2015-06-18 08:00:00,87
101060604,45.8500,123.1700,2015-06-18 08:00:00,40
101290309,23.3800,103.3800,2015-06-18 08:00:00,74
101280408,23.9200,115.7500,2015-06-18 08:00:00,111
101280902,23.6300,112.4300,2015-06-18 08:00:00,119
101282101,22.8000,115.3700,2015-06-18 08:00:00,112
101090703,37.8800,116.5300,2015-06-18 08:00:00,126
101181701,34.8000,111.2000,2015-06-18 08:00:00,0
101291008,28.2300,103.6300,2015-06-18 08:00:00,0
101230705,25.0500,116.4200,2015-06-18 08:00:00,90
101280908,23.0300,112.4500,2015-06-18 08:00:00,110
101251211,27.9200,110.6000,2015-06-18 08:00:00,0
101040400,29.1600,107.1100,2015-06-18 08:00:00,0
101190807,34.3300,118.3500,2015-06-18 08:00:00,0
101090313,40.8800,115.8300,2015-06-18 08:00:00,126
101290704,24.1300,102.7500,2015-06-18 08:00:00,59
101290805,25.3100,101.5200,2015-06-18 08:00:00,63
101121301,37.4700,122.1300,2015-06-18 08:00:00,68
101050206,47.9000,125.3000,2015-06-18 08:00:00,108
101290809,24.6800,101.6000,2015-06-18 08:00:00,70
101210103,29.8200,119.6800,2015-06-18 08:00:00,0
101230111,25.7200,119.3800,2015-06-18 08:00:00,45
101230302,26.5800,118.7300,2015-06-18 08:00:00,50
101181503,33.4500,113.5800,2015-06-18 08:00:00,0
101271904,31.6800,103.8500,2015-06-18 08:00:00,0
101110807,32.9800,107.7200,2015-06-18 08:00:00,69
101080603,43.8600,120.0300,2015-06-18 08:00:00,56
101071204,41.0800,119.7200,2015-06-18 08:00:00,122
101280406,23.7700,116.1800,2015-06-18 08:00:00,114
101042900,29.5800,106.2200,2015-06-18 08:00:00,21
101060505,41.1500,126.2200,2015-06-18 08:00:00,61
101080501,43.6000,122.2700,2015-06-18 08:00:00,66
101121302,37.2000,122.0700,2015-06-18 08:00:00,29
101251501,28.2400,109.6800,2015-06-18 08:00:00,0
101080408,40.8000,113.2200,2015-06-18 08:00:00,100
101282004,21.5500,111.0000,2015-06-18 08:00:00,104
101090204,38.9800,115.6500,2015-06-18 08:00:00,131
101060403,43.3500,124.3000,2015-06-18 08:00:00,30
101040200,29.3700,105.9000,2015-06-18 08:00:00,6
101090901,37.1800,114.3600,2015-06-18 08:00:00,89
101200301,30.3700,114.8700,2015-06-18 08:00:00,14
101090302,40.5700,115.0300,2015-06-18 08:00:00,102
101050805,48.8800,130.4000,2015-06-18 08:00:00,116
101180602,32.3500,114.7300,2015-06-18 08:00:00,41
101230909,27.3800,118.8200,2015-06-18 08:00:00,6
101221001,29.7200,118.2800,2015-06-18 08:00:00,0
101071001,41.2300,123.1700,2015-06-18 08:00:00,0
101201401,31.0000,112.2200,2015-06-18 08:00:00,74
101110406,37.6200,108.8000,2015-06-18 08:00:00,128
101010100,39.8000,116.4700,2015-06-18 08:00:00,114
101281305,24.4800,112.6300,2015-06-18 08:00:00,108
101271901,32.9000,101.7000,2015-06-18 08:00:00,21
101050604,49.5500,128.4700,2015-06-18 08:00:00,96
101301011,24.3500,106.5700,2015-06-18 08:00:00,14
101120706,35.1300,116.3300,2015-06-18 08:00:00,0
101230608,23.7800,117.5000,2015-06-18 08:00:00,111
101250904,27.3200,111.4500,2015-06-18 08:00:00,0
101120205,36.2200,120.0300,2015-06-18 08:00:00,72
101121201,37.4300,118.6700,2015-06-18 08:00:00,116
101170402,35.9700,105.7200,2015-06-18 08:00:00,118
101271611,27.7000,103.2500,2015-06-18 08:00:00,0
101190804,34.7500,116.9100,2015-06-18 08:00:00,0
101250501,25.8000,113.0300,2015-06-18 08:00:00,19
101240717,26.3500,115.3500,2015-06-18 08:00:00,25
101042400,30.3000,108.0300,2015-06-18 08:00:00,22
101090211,38.9300,115.9300,2015-06-18 08:00:00,128
101201105,32.2300,110.2300,2015-06-18 08:00:00,65
101240105,28.3800,116.2700,2015-06-18 08:00:00,0
101190509,32.1000,121.0800,2015-06-18 08:00:00,44
101230101,26.0800,119.2800,2015-06-18 08:00:00,58
101211004,29.0300,119.1800,2015-06-18 08:00:00,0
101211003,29.1300,118.4000,2015-06-18 08:00:00,0
101110202,34.5000,108.4800,2015-06-18 08:00:00,56
101290306,23.0000,102.4200,2015-06-18 08:00:00,66
101181004,34.6500,115.1500,2015-06-18 08:00:00,0
101060902,42.4000,126.8000,2015-06-18 08:00:00,114
101240902,27.1300,113.9500,2015-06-18 08:00:00,0
101180909,33.7800,111.6500,2015-06-18 08:00:00,12
101221105,32.1200,118.2800,2015-06-18 08:00:00,78
101310208,19.0300,109.8300,2015-06-18 08:00:00,99
101290209,26.5300,99.9200,2015-06-18 08:00:00,62
101251205,26.5700,109.6700,2015-06-18 08:00:00,0
101250701,28.5700,112.3800,2015-06-18 08:00:00,0
101240408,27.5800,116.6500,2015-06-18 08:00:00,0
101110908,34.2700,107.7300,2015-06-18 08:00:00,79
101250901,27.1800,111.4500,2015-06-18 08:00:00,0
101040600,28.9900,106.9200,2015-06-18 08:00:00,0
101291605,21.4700,101.5700,2015-06-18 08:00:00,84
101080705,38.1800,107.4800,2015-06-18 08:00:00,136
101230609,23.9800,117.3700,2015-06-18 08:00:00,114
101221102,32.8500,117.5500,2015-06-18 08:00:00,35
101091005,36.3000,115.1800,2015-06-18 08:00:00,110
101090207,39.0700,115.8200,2015-06-18 08:00:00,119
101200805,29.8300,112.9000,2015-06-18 08:00:00,0
101290402,25.5800,103.8300,2015-06-18 08:00:00,37
101240602,27.0500,114.9200,2015-06-18 08:00:00,0
101121706,36.3800,116.2700,2015-06-18 08:00:00,84
101071301,41.2800,121.9500,2015-06-18 08:00:00,126
101290303,23.6200,102.8300,2015-06-18 08:00:00,79
101181103,35.1100,113.3600,2015-06-18 08:00:00,31
101050703,52.9700,122.5200,2015-06-18 08:00:00,93
101290109,25.2300,102.5000,2015-06-18 08:00:00,47
101250408,26.4300,112.8300,2015-06-18 08:00:00,0
101210404,30.0500,121.1700,2015-06-18 08:00:00,0
101230108,25.5200,119.7800,2015-06-18 08:00:00,82
101081009,48.6800,116.8100,2015-06-18 08:00:00,0
101271006,28.0300,105.8200,2015-06-18 08:00:00,0
101230908,27.5200,118.7500,2015-06-18 08:00:00,0
101300104,22.7000,109.2500,2015-06-18 08:00:00,106
101271815,30.0000,99.1100,2015-06-18 08:00:00,91
101291503,24.0700,97.8200,2015-06-18 08:00:00,29
101281003,20.9700,110.0700,2015-06-18 08:00:00,123
101201302,31.6200,113.8200,2015-06-18 08:00:00,85
101290911,23.9800,101.1200,2015-06-18 08:00:00,24
101070802,40.5700,122.4500,2015-06-18 08:00:00,88
101051101,45.3000,130.9200,2015-06-18 08:00:00,131
101240903,27.6300,113.8500,2015-06-18 08:00:00,0
101050402,46.7300,129.8800,2015-06-18 08:00:00,0
101281010,21.1500,110.3000,2015-06-18 08:00:00,99
101190905,33.7700,119.3000,2015-06-18 08:00:00,46
101251408,25.3800,112.2000,2015-06-18 08:00:00,32
101301401,21.6200,108.3500,2015-06-18 08:00:00,111
101081108,45.5500,119.6500,2015-06-18 08:00:00,0
101281902,23.4500,115.8500,2015-06-18 08:00:00,117
101250104,28.1100,112.7900,2015-06-18 08:00:00,0
101120709,35.8200,116.0500,2015-06-18 08:00:00,60
101180108,34.8000,113.4300,2015-06-18 08:00:00,0
101180903,34.8200,112.4300,2015-06-18 08:00:00,48
101180106,34.3800,113.7200,2015-06-18 08:00:00,31
101230104,26.5000,119.5300,2015-06-18 08:00:00,44
101271205,29.3300,105.3000,2015-06-18 08:00:00,27
101220202,32.9800,117.2000,2015-06-18 08:00:00,23
101050503,46.3800,125.3200,2015-06-18 08:00:00,77
101251002,29.5200,112.5500,2015-06-18 08:00:00,0
101121104,37.6500,117.5700,2015-06-18 08:00:00,127
101280501,23.4000,116.6800,2015-06-18 08:00:00,110
101280201,24.6700,113.6000,2015-06-18 08:00:00,104
101210105,29.4800,119.2700,2015-06-18 08:00:00,0
101200509,29.9200,115.6300,2015-06-18 08:00:00,0
101241103,28.3000,117.2300,2015-06-18 08:00:00,0
101240710,25.9700,115.4200,2015-06-18 08:00:00,57
101181304,35.9000,115.1200,2015-06-18 08:00:00,88
101090917,36.8700,114.4700,2015-06-18 08:00:00,105
101120202,36.1700,120.4200,2015-06-18 08:00:00,77
101090303,41.1500,114.7000,2015-06-18 08:00:00,99
101191304,33.4800,118.2200,2015-06-18 08:00:00,28
101121305,37.4000,122.7000,2015-06-18 08:00:00,0
101043200,29.3000,108.1700,2015-06-18 08:00:00,0
101281403,22.7000,112.2000,2015-06-18 08:00:00,117
101310207,19.2300,109.4300,2015-06-18 08:00:00,101
101110502,34.5200,109.7300,2015-06-18 08:00:00,42
101250906,26.5800,110.1500,2015-06-18 08:00:00,0
101090221,39.3200,115.9500,2015-06-18 08:00:00,129
101180712,32.3800,113.4200,2015-06-18 08:00:00,37
101110501,34.5200,109.4800,2015-06-18 08:00:00,55
101251004,28.8600,113.1100,2015-06-18 08:00:00,0
101240308,28.4700,117.9200,2015-06-18 08:00:00,0
101230506,24.9700,118.3700,2015-06-18 08:00:00,97
101200202,32.0000,112.0800,2015-06-18 08:00:00,104
101191202,32.9500,119.8200,2015-06-18 08:00:00,90
101110409,37.6000,110.0500,2015-06-18 08:00:00,122
101220604,30.6700,116.5500,2015-06-18 08:00:00,0
101300702,24.1800,110.8000,2015-06-18 08:00:00,56
101080601,42.3100,118.8300,2015-06-18 08:00:00,124
101110702,32.5300,108.5300,2015-06-18 08:00:00,49
101090216,38.8500,115.1300,2015-06-18 08:00:00,128
101110911,34.9000,106.8300,2015-06-18 08:00:00,77
101090224,38.7300,115.4800,2015-06-18 08:00:00,101
101060307,42.7700,129.4000,2015-06-18 08:00:00,84
101211104,30.2500,122.2000,2015-06-18 08:00:00,0
101240612,27.4000,114.6000,2015-06-18 08:00:00,0
101250509,26.7200,113.2500,2015-06-18 08:00:00,0
101120601,36.7500,119.2000,2015-06-18 08:00:00,110
101271808,31.4000,100.6700,2015-06-18 08:00:00,83
101300512,24.6500,110.6400,2015-06-18 08:00:00,58
101180203,35.5500,114.5000,2015-06-18 08:00:00,63
101241102,28.2000,116.8200,2015-06-18 08:00:00,0
101250909,26.3700,110.3200,2015-06-18 08:00:00,0
101080915,42.1900,116.4700,2015-06-18 08:00:00,99
101240309,28.4000,117.4300,2015-06-18 08:00:00,0
101060504,42.6900,125.9900,2015-06-18 08:00:00,53
101050603,49.4300,127.3500,2015-06-18 08:00:00,55
101080904,44.0200,114.9500,2015-06-18 08:00:00,61
101200104,30.8400,114.8400,2015-06-18 08:00:00,95
101240702,25.7000,114.3000,2015-06-18 08:00:00,73
101291403,26.6300,101.2700,2015-06-18 08:00:00,42
101090408,41.2000,116.6300,2015-06-18 08:00:00,106
101250903,27.0300,110.6000,2015-06-18 08:00:00,0
101300703,24.8200,111.2700,2015-06-18 08:00:00,76
101271408,29.6000,103.4800,2015-06-18 08:00:00,9
101290801,25.0300,101.5500,2015-06-18 08:00:00,69
101300406,23.7500,109.2300,2015-06-18 08:00:00,22
101221103,32.8000,117.9800,2015-06-18 08:00:00,0
101120206,35.8800,120.0000,2015-06-18 08:00:00,61
101110300,36.5800,109.4500,2015-06-18 08:00:00,125
101280305,23.7800,114.2500,2015-06-18 08:00:00,101
101240301,28.4500,117.9800,2015-06-18 08:00:00,0
101300103,22.7700,108.4800,2015-06-18 08:00:00,98
101120509,37.4300,121.5900,2015-06-18 08:00:00,20
101181406,33.5000,114.5700,2015-06-18 08:00:00,0
101290202,25.9000,99.3700,2015-06-18 08:00:00,47
101230610,25.0200,117.5300,2015-06-18 08:00:00,99
101190906,33.6400,118.9300,2015-06-18 08:00:00,56
101090507,40.1700,118.3300,2015-06-18 08:00:00,125
101180502,33.9800,113.2000,2015-06-18 08:00:00,15
101120907,35.7200,117.9300,2015-06-18 08:00:00,31
101291501,24.4300,98.5800,2015-06-18 08:00:00,39
101200207,32.2700,111.6200,2015-06-18 08:00:00,77
101200602,30.0700,114.8800,2015-06-18 08:00:00,0
101300704,24.5500,111.3200,2015-06-18 08:00:00,72
101080701,39.8300,109.9800,2015-06-18 08:00:00,135
101060401,43.1700,124.3300,2015-06-18 08:00:00,0
101070902,42.3800,122.5500,2015-06-18 08:00:00,99
101270803,30.3500,106.2800,2015-06-18 08:00:00,33
101150101,36.7300,101.7500,2015-06-18 08:00:00,91
101181108,34.9200,112.7500,2015-06-18 08:00:00,26
101221301,30.9800,117.8500,2015-06-18 08:00:00,43
101120906,34.6000,118.3200,2015-06-18 08:00:00,0
101180307,35.0300,114.4200,2015-06-18 08:00:00,66
101300509,25.5000,111.1500,2015-06-18 08:00:00,28
101060201,43.8700,126.5300,2015-06-18 08:00:00,49
101271614,28.5500,102.1700,2015-06-18 08:00:00,0
101240504,28.1200,114.4500,2015-06-18 08:00:00,0
101220701,33.6300,116.9800,2015-06-18 08:00:00,21
101201102,32.3200,109.6800,2015-06-18 08:00:00,62
101220803,32.6500,116.2300,2015-06-18 08:00:00,0
101120507,37.3200,120.8500,2015-06-18 08:00:00,104
101120303,36.5200,117.8500,2015-06-18 08:00:00,56
101060907,41.9300,126.4300,2015-06-18 08:00:00,78
101221404,30.6200,118.9800,2015-06-18 08:00:00,0
101090202,38.9300,115.3200,2015-06-18 08:00:00,119
101240906,27.6300,113.8500,2015-06-18 08:00:00,0
101281109,22.5300,113.0300,2015-06-18 08:00:00,116
101180304,35.5000,113.8200,2015-06-18 08:00:00,64
101180802,34.5300,114.7800,2015-06-18 08:00:00,0
101270901,31.8700,106.7700,2015-06-18 08:00:00,77
101300305,24.2500,109.3300,2015-06-18 08:00:00,0
101281006,21.1500,110.3000,2015-06-18 08:00:00,99
101220904,33.2700,116.5200,2015-06-18 08:00:00,0
101080201,40.5300,109.8800,2015-06-18 08:00:00,134
101180701,33.1000,112.4900,2015-06-18 08:00:00,75
101251410,25.1800,111.4500,2015-06-18 08:00:00,75
101080401,41.0300,113.0700,2015-06-18 08:00:00,98
101300401,23.7500,109.2300,2015-06-18 08:00:00,22
101200507,30.2300,115.4300,2015-06-18 08:00:00,55
101110601,33.8700,109.9700,2015-06-18 08:00:00,46
101090710,38.0500,117.1200,2015-06-18 08:00:00,130
101291004,27.4200,104.8700,2015-06-18 08:00:00,0
101121004,35.2700,115.1000,2015-06-18 08:00:00,43
101290312,22.7800,103.2300,2015-06-18 08:00:00,61
101090217,39.0200,116.1000,2015-06-18 08:00:00,128
101180505,33.6300,113.3000,2015-06-18 08:00:00,0
101110706,32.3200,108.9000,2015-06-18 08:00:00,84
101110905,34.4500,107.6500,2015-06-18 08:00:00,83
101210613,28.3700,121.3700,2015-06-18 08:00:00,0
101221008,30.1300,118.1500,2015-06-18 08:00:00,0
101090405,41.0000,118.6700,2015-06-18 08:00:00,121
101090220,38.4200,115.3300,2015-06-18 08:00:00,125
101180402,34.1200,114.1500,2015-06-18 08:00:00,0
101280403,24.6500,116.1700,2015-06-18 08:00:00,3
101241002,27.8200,114.6800,2015-06-18 08:00:00,0
101050901,46.5700,125.1300,2015-06-18 08:00:00,76
101230404,25.4500,119.0000,2015-06-18 08:00:00,86
101070705,41.6800,122.0800,2015-06-18 08:00:00,114
101240405,27.9200,116.7800,2015-06-18 08:00:00,0
101090510,40.2000,117.9500,2015-06-18 08:00:00,115
101271502,30.0200,104.1500,2015-06-18 08:00:00,33
101050109,45.8300,128.8000,2015-06-18 08:00:00,124
101120606,36.8600,119.4200,2015-06-18 08:00:00,100
101310216,18.5500,110.0300,2015-06-18 08:00:00,112
101301003,23.7300,106.9200,2015-06-18 08:00:00,51
101300606,22.9500,111.0000,2015-06-18 08:00:00,97
101080607,43.6400,118.0400,2015-06-18 08:00:00,51
101120708,35.6500,117.2800,2015-06-18 08:00:00,27
101230707,25.3000,117.4200,2015-06-18 08:00:00,54
101271707,30.1500,102.9300,2015-06-18 08:00:00,27
101310203,19.9000,109.6800,2015-06-18 08:00:00,118
101050704,51.7300,126.6300,2015-06-18 08:00:00,134
101270405,31.6700,105.1700,2015-06-18 08:00:00,69
101251407,25.2800,111.3100,2015-06-18 08:00:00,16
101281103,22.4000,112.6500,2015-06-18 08:00:00,120
101090716,38.3500,116.8500,2015-06-18 08:00:00,130
101210904,29.3300,120.0800,2015-06-18 08:00:00,0
101070706,41.6000,121.7500,2015-06-18 08:00:00,136
101250805,27.7500,111.3000,2015-06-18 08:00:00,0
101211106,30.0300,122.1000,2015-06-18 08:00:00,0
101200204,31.8000,111.8300,2015-06-18 08:00:00,82
101300803,23.5500,110.3800,2015-06-18 08:00:00,92
101200802,30.3500,112.1500,2015-06-18 08:00:00,73
101251406,25.5900,111.9600,2015-06-18 08:00:00,80
101121404,34.5700,117.7300,2015-06-18 08:00:00,0
101081104,46.7200,122.0800,2015-06-18 08:00:00,6
101050105,45.7300,127.3800,2015-06-18 08:00:00,134
101180608,32.1700,115.6200,2015-06-18 08:00:00,12
101120102,36.5200,116.8000,2015-06-18 08:00:00,104
101221501,31.7300,116.5000,2015-06-18 08:00:00,70
101271603,27.9300,101.2700,2015-06-18 08:00:00,67
101181703,34.7700,111.7700,2015-06-18 08:00:00,0
101280701,22.2800,113.5700,2015-06-18 08:00:00,123
101200904,31.3500,110.7300,2015-06-18 08:00:00,64
101250508,25.5700,113.6800,2015-06-18 08:00:00,97
101230509,24.8200,118.5700,2015-06-18 08:00:00,114
101180606,32.4700,115.4300,2015-06-18 08:00:00,0
101080906,43.8500,113.6300,2015-06-18 08:00:00,55
101271201,29.6200,105.1200,2015-06-18 08:00:00,26
101091006,36.5700,113.6700,2015-06-18 08:00:00,90
101040800,29.8500,106.4500,2015-06-18 08:00:00,8
101110907,34.3700,107.8800,2015-06-18 08:00:00,86
